,SKU,price,note,category,brand
0,5.000,5990,Set harga,Pulsa,Telkomsel
1,10.000,10650,Set harga,Pulsa,Telkomsel
2,15.000,14960,Set harga,Pulsa,Telkomsel
3,20.000,20185,Set harga,Pulsa,Telkomsel
4,25.000,25025,Set harga,Pulsa,Telkomsel
5,30.000,30075,Set harga,Pulsa,Telkomsel
6,35.000,35490,Set harga,Pulsa,Telkomsel
7,40.000,39940,Set harga,Pulsa,Telkomsel
8,45.000,45450,Set harga,Pulsa,Telkomsel
9,50.000,50025,Set harga,Pulsa,Telkomsel
10,55.000,55450,Set harga,Pulsa,Telkomsel
11,60.000,60450,Set harga,Pulsa,Telkomsel
10,65.000,65450,Set harga,Pulsa,Telkomsel
11,70.000,70450,Set harga,Pulsa,Telkomsel
12,75.000,75025,Set harga,Pulsa,Telkomsel
13,80.000,80450,Set harga,Pulsa,Telkomsel
14,85.000,85450,Set harga,Pulsa,Telkomsel
15,90.000,90450,Set harga,Pulsa,Telkomsel
7,95.000,95450,Set harga,Pulsa,Telkomsel
8,100.000,99320,Set harga,Pulsa,Telkomsel
9,150.000,150745,Set harga,Pulsa,Telkomsel
10,200.000,199085,Set harga,Pulsa,Telkomsel
11,300.000,298050,Set harga,Pulsa,Telkomsel
12,500.000,499150,Set harga,Pulsa,Telkomsel
13,1.000.000,997450,Set harga,Pulsa,Telkomsel
0,5.000,5998,Set harga,Pulsa,XL
1,10.000,10815,Set harga,Pulsa,XL
2,15.000,15450,Set harga,Pulsa,XL
3,25.000,24990,Set harga,Pulsa,XL
4,30.000,30270,Set harga,Pulsa,XL
5,50.000,50035,Set harga,Pulsa,XL
6,100.000,99800,Set harga,Pulsa,XL
7,150.000,149550,Set harga,Pulsa,XL
8,200.000,199600,Set harga,Pulsa,XL
9,300.000,299490,Set harga,Pulsa,XL
10,500.000,503400,Set harga,Pulsa,XL
8,1.000.000,999830,Set harga,Pulsa,XL
0,5.000,5998,Set harga,Pulsa,Axis
1,10.000,10825,Set harga,Pulsa,Axis
2,15.000,15450,Set harga,Pulsa,Axis
3,25.000,24990,Set harga,Pulsa,Axis
4,30.000,30270,Set harga,Pulsa,Axis
5,50.000,50035,Set harga,Pulsa,Axis
6,100.000,99800,Set harga,Pulsa,Axis
7,200.000,199600,Set harga,Pulsa,Axis
8,300.000,299490,Set harga,Pulsa,Axis
9,500.000,503400,Set harga,Pulsa,Axis
10,1.000.000,999830,Set harga,Pulsa,Axis
0,5.000,5990,Set harga,Pulsa,Indosat
1,10.000,10950,Set harga,Pulsa,Indosat
2,12.000,12150,Set harga,Pulsa,Indosat
3,15.000,15030,Set harga,Pulsa,Indosat
4,20.000,20175,Set harga,Pulsa,Indosat
6,25.000,24990,Set harga,Pulsa,Indosat
7,30.000,29990,Set harga,Pulsa,Indosat
8,40.000,39840,Set harga,Pulsa,Indosat
9,50.000,49990,Set harga,Pulsa,Indosat
10,60.000,59900,Set harga,Pulsa,Indosat
11,70.000,68750,Set harga,Pulsa,Indosat
12,80.000,79500,Set harga,Pulsa,Indosat
13,100.000,99900,Set harga,Pulsa,Indosat
14,125.000,123900,Set harga,Pulsa,Indosat
8,150.000,148400,Set harga,Pulsa,Indosat
9,200.000,197900,Set harga,Pulsa,Indosat
10,250.000,247000,Set harga,Pulsa,Indosat
11,300.000,298500,Set harga,Pulsa,Indosat
12,400.000,379800,Set harga,Pulsa,Indosat
13,500.000,488000,Set harga,Pulsa,Indosat
14,1.000.000,975000,Set harga,Pulsa,Indosat
1,30.000,30540,Set harga,Pulsa,Tri
2,40.000,39950,Set harga,Pulsa,Tri
3,50.000,50120,Set harga,Pulsa,Tri
4,60.000,59450,Set harga,Pulsa,Tri
5,70.000,69500,Set harga,Pulsa,Tri
6,75.000,74250,Set harga,Pulsa,Tri
7,80.000,79250,Set harga,Pulsa,Tri
8,90.000,89500,Set harga,Pulsa,Tri
9,100.000,100480,Set harga,Pulsa,Tri
10,125.000,123750,Set harga,Pulsa,Tri
11,150.000,149210,Set harga,Pulsa,Tri
12,200.000,198790,Set harga,Pulsa,Tri
13,250.000,247250,Set harga,Pulsa,Tri
14,300.000,297930,Set harga,Pulsa,Tri
15,500.000,496230,Set harga,Pulsa,Tri
0,30.000,29750,Set harga,Pulsa,Smartfren
1,35.000,34750,Set harga,Pulsa,Smartfren
2,40.000,39780,Set harga,Pulsa,Smartfren
3,45.000,44750,Set harga,Pulsa,Smartfren
4,50.000,49500,Set harga,Pulsa,Smartfren
5,55.000,54500,Set harga,Pulsa,Smartfren
6,60.000,59500,Set harga,Pulsa,Smartfren
7,65.000,64505,Set harga,Pulsa,Smartfren
8,85.000,83740,Set harga,Pulsa,Smartfren
9,90.000,88240,Set harga,Pulsa,Smartfren
10,95.000,93340,Set harga,Pulsa,Smartfren
11,100.000,99000,Set harga,Pulsa,Smartfren
12,150.000,149000,Set harga,Pulsa,Smartfren
13,200.000,198000,Set harga,Pulsa,Smartfren
14,300.000,299750,Set harga,Pulsa,Smartfren
15,500.000,499500,Set harga,Pulsa,Smartfren
0,"Telkomsel 5MB, 7 Hari",310,Set harga,Paket Data,Telkomsel
1,"Telkomsel 10MB, 7 Hari",400,Set harga,Paket Data,Telkomsel
2,GamesMAX Ketengan Harian 3HARI ,5100,Set harga,Paket Data,Telkomsel
3,NELPON SEMUA OPERATOR 20 MENIT + 80 MENIT SESAMA 1HARI,5900,Set harga,Paket Data,Telkomsel
4,Telkomsel Data Mini 1GB 1hr,6250,Set harga,Paket Data,Telkomsel
5,Paket Bicara Telkomsel 5.000,7500,Set harga,Paket Data,Telkomsel
6,Telkomsel Data Flash 250MB,7650,Set harga,Paket Data,Telkomsel
7,"Telkomsel Data Flash 500MB, 7Hr",9000,Set harga,Paket Data,Telkomsel
5,PAKET INTERNET HARIAN 10K 1 HARI,9900,Set harga,Paket Data,Telkomsel
6,Telkomsel Telepon Semua Operator 10.000,10425,Set harga,Paket Data,Telkomsel
7,Telkomsel Telepon Pas 10.000 3hr,10800,Set harga,Paket Data,Telkomsel
8,NELPON SEMUA OPERATOR 50 MENIT + 170 MENIT SESAMA 3HARI,10990,Set harga,Paket Data,Telkomsel
9,PAKET BICARA SEMUA OPERATOR 1HARI,11500,Set harga,Paket Data,Telkomsel
4,Telkomsel Ketengan TikTok 1GB 3hr,11950,Set harga,Paket Data,Telkomsel
5,Paket Bicara Telkomsel 10.000,13600,Set harga,Paket Data,Telkomsel
6,GamesMAX Power Weekly MLBB 7HARI,15250,Set harga,Paket Data,Telkomsel
7,"Telkomsel Data Flash 500MB, 15Hr",16980,Set harga,Paket Data,Telkomsel
8,Telkomsel Paket Internet Instagram 1GB 7hr,17175,Set harga,Paket Data,Telkomsel
5,Telkomsel Data Flash 750MB 7 Hari,18000,Set harga,Paket Data,Telkomsel
6,GamesMAX Ketengan Bulanan 30HARI ,20250,Set harga,Paket Data,Telkomsel
7,PAKET INTERNET HARIAN 20K 1 HARI,20525,Set harga,Paket Data,Telkomsel
8,Telkomsel Telepon Pas 20.000 7hr,21250,Set harga,Paket Data,Telkomsel
5,MAXStream 4GB 30hr,21250,Set harga,Paket Data,Telkomsel
6,Telkomsel Telepon Semua Operator 20.000,21350,Set harga,Paket Data,Telkomsel
7,Paket 600 SMS ke Semua 30hr,21750,Set harga,Paket Data,Telkomsel
8,"Telkomsel Data Flash 1GB, 30Hr",23400,Set harga,Paket Data,Telkomsel
9,Paket Data 25K ( DATA 300MB - 750MB + 1GB OMG! ),23800,Set harga,Paket Data,Telkomsel
5,Paket Bicara 380 menit,24450,Set harga,Paket Data,Telkomsel
6,PAKET BICARA SEMUA OPERATOR 3HARI,24500,Set harga,Paket Data,Telkomsel
7,Paket Bicara semua operator 25K (ZONA),24900,Set harga,Paket Data,Telkomsel
8,Paket Bicara Telkomsel 25.000,24900,Set harga,Paket Data,Telkomsel
9,GamesMAX Power Silver MLBB 30HARI,25000,Set harga,Paket Data,Telkomsel
5,GamesMAX Power Silver FF 30HARI ,25300,Set harga,Paket Data,Telkomsel
6,NELPON SEMUA OPERATOR 30 MENIT + 350 MENIT SESAMA 7HARI,25450,Set harga,Paket Data,Telkomsel
7,PAKET INTERNET HARIAN 25K 3 HARI,25500,Set harga,Paket Data,Telkomsel
8,Paket Internet Telkomsel Data Rp 25.000,25750,Set harga,Paket Data,Telkomsel
5,NELPON SEMUA OPERATOR 50 MENIT + 350-600 MENIT SESAMA 7HARI,25850,Set harga,Paket Data,Telkomsel
6,MusicMAX,26000,Set harga,Paket Data,Telkomsel
7,Paket Internet Harian 25K 3hr,26300,Set harga,Paket Data,Telkomsel
8,"Kuota MaxStream 5GB + 1GB All network, 30 hari",26500,Set harga,Paket Data,Telkomsel
4,"Telkomsel Data SMULE 1GB, 30Hr",26500,Set harga,Paket Data,Telkomsel
5,Paket Telepon 400 Menit / 3 Hari (370 Tsel &amp; 30 All),27100,Set harga,Paket Data,Telkomsel
6,PAKET INTERNET MINGGUAN 30K,31325,Set harga,Paket Data,Telkomsel
7,PAKET DATA TINDER,35775,Set harga,Paket Data,Telkomsel
8,Paket Telepon 600 Menit / 7 Hari (550 Tsel &amp; 50 All),38500,Set harga,Paket Data,Telkomsel
6,PAKET INTERNET HARIAN 40K 3 HARI,41125,Set harga,Paket Data,Telkomsel
7,PAKET BICARA SESAMA TELKOMSEL 7HARI,44500,Set harga,Paket Data,Telkomsel
8,Telkomsel Data Flash 2GB,44950,Set harga,Paket Data,Telkomsel
9,Telkomsel Data Flash 3GB,45750,Set harga,Paket Data,Telkomsel
6,PAKET INTERNET MINGGUAN 45K,46600,Set harga,Paket Data,Telkomsel
7,Telkomsel Data Mini 5GB 7hr,49600,Set harga,Paket Data,Telkomsel
8,"Kuota MaxStream 12GB + 3GB All network, 30 hari",50500,Set harga,Paket Data,Telkomsel
9,GamesMAX Power Gold FF 30HARI ,50500,Set harga,Paket Data,Telkomsel
6,INTERNET ROAMAX SINGAPORE 10GB 1hr,51500,Set harga,Paket Data,Telkomsel
7,INTERNET ROAMAX MALAYSIA 1hr,51500,Set harga,Paket Data,Telkomsel
8,Telkomsel Orbit Ekstra 25GB 7hr,52000,Set harga,Paket Data,Telkomsel
9,GIGAMAX BASIC 50K 30hr,52400,Set harga,Paket Data,Telkomsel
5,PAKET INTERNET BULANAN OMG! 55K,54990,Set harga,Paket Data,Telkomsel
6,NELPON SEMUA OPERATOR 100 MENIT + 1000 MENIT SESAMA 30HARI,57175,Set harga,Paket Data,Telkomsel
7,Paket Bicara Telkomsel 50.000,58225,Set harga,Paket Data,Telkomsel
8,GIGAMAX BASIC 15GB 30hr,58900,Set harga,Paket Data,Telkomsel
4,Paket Telepon 1300 Menit / 15 Hari (1200 Tsel &amp; 100 All),59500,Set harga,Paket Data,Telkomsel
5,COMBO ROAMAX MALAYSIA 1hr,61750,Set harga,Paket Data,Telkomsel
6,COMBO ROAMAX SINGAPORE 1hr,61750,Set harga,Paket Data,Telkomsel
7,Paket Internet Bulanan OMG + Vidio 65K,65750,Set harga,Paket Data,Telkomsel
8,Telkomsel Data Mini 10GB 7hr,68900,Set harga,Paket Data,Telkomsel
9,Telkomsel Data Flash 4GB,69500,Set harga,Paket Data,Telkomsel
7,GamesMAX Power Diamond MLBB 30HARI,75500,Set harga,Paket Data,Telkomsel
8,PAKET INTERNET BULANAN OMG! 75K,78000,Set harga,Paket Data,Telkomsel
9,Internet OMG 75RB 30hr,79300,Set harga,Paket Data,Telkomsel
10,NelponVaganza 2100menit 30hr,82500,Set harga,Paket Data,Telkomsel
6,Paket Internet Bulanan OMG + Vidio 85K,84690,Set harga,Paket Data,Telkomsel
7,Paket Bicara 1400mnt-3900mnt (Zona) 14hr,86430,Set harga,Paket Data,Telkomsel
8,Telkomsel Data Flash 5GB,86730,Set harga,Paket Data,Telkomsel
9,PAKET BICARA SEMUA OPERATOR 30HARI,88750,Set harga,Paket Data,Telkomsel
5,"Combo OMG 5,5GB 30hr",92500,Set harga,Paket Data,Telkomsel
6,Paket Telpon (1.400-3.900 Menit On Net + 100 Menit Off Net) 30 Hari,94500,Set harga,Paket Data,Telkomsel
7,Telkomsel Data Flash 6GB,96000,Set harga,Paket Data,Telkomsel
8,Telkomsel Data Flash 7GB,96500,Set harga,Paket Data,Telkomsel
9,Internet OMG 8GB 30hr,96600,Set harga,Paket Data,Telkomsel
10,Telkomsel Data Flash 8GB,99000,Set harga,Paket Data,Telkomsel
7,Telkomsel Orbit Ekstra 50GB + 5GB Bonus 10hr,101925,Set harga,Paket Data,Telkomsel
8,Telkomsel Orbit Ekstra 50GB + 5GB Bonus 5hr,101925,Set harga,Paket Data,Telkomsel
9,Telkomsel Orbit Ekstra 60GB 30hr,101925,Set harga,Paket Data,Telkomsel
10,NELPON SEMUA OPERATOR 250 MENIT + 2250 MENIT SESAMA 30HARI,102500,Set harga,Paket Data,Telkomsel
6,INTERNET ROAMAX SINGAPORE 30GB 3hr,102750,Set harga,Paket Data,Telkomsel
7,INTERNET ROAMAX MALAYSIA 3hr,102750,Set harga,Paket Data,Telkomsel
8,"Kuota MaxStream 20GB + 4GB All network, 30 hari",104500,Set harga,Paket Data,Telkomsel
9,Telkomsel Data Flash 10GB,107500,Set harga,Paket Data,Telkomsel
4,PAKET INTERNET BULANAN OMG! 110K,114500,Set harga,Paket Data,Telkomsel
5,Internet OMG 110RB 30hr,114825,Set harga,Paket Data,Telkomsel
6,Paket Bicara 2500 menit,115900,Set harga,Paket Data,Telkomsel
7,Paket Internet Bulanan OMG + Vidio 120K,119450,Set harga,Paket Data,Telkomsel
8,Paket Data 105K (Up to 12Gb + 2Gb Video),119500,Set harga,Paket Data,Telkomsel
9,Telkomsel Orbit Ekstra 75GB 30hr,122200,Set harga,Paket Data,Telkomsel
10,PAKET BICARA SESAMA TELKOMSEL 30HARI,123575,Set harga,Paket Data,Telkomsel
7,Internet OMG 12GB 30hr,124500,Set harga,Paket Data,Telkomsel
8,COMBO ROAMAX SINGAPORE 3hr,128500,Set harga,Paket Data,Telkomsel
9,COMBO ROAMAX MALAYSIA 3hr,128500,Set harga,Paket Data,Telkomsel
10,Data 12GB + 2GB Video Max 30hr,129000,Set harga,Paket Data,Telkomsel
6,NelponVaganza 6500menit 30hr,133000,Set harga,Paket Data,Telkomsel
7,PAKET BICARA SEMUA OPERATOR 30HARI PLUS,140750,Set harga,Paket Data,Telkomsel
8,RoaMAX Internet Singapore,142500,Set harga,Paket Data,Telkomsel
9,RoaMAX Internet Malaysia,142500,Set harga,Paket Data,Telkomsel
10,INTERNET ROAMAX QATAR 10GB 7HARI,142500,Set harga,Paket Data,Telkomsel
5,Telkomsel Orbit Ekstra 90GB 30hr,147700,Set harga,Paket Data,Telkomsel
6,Paket Telpon (4.700-10.200 Menit On Net + 200 Menit Off Net) 30 Hari,148000,Set harga,Paket Data,Telkomsel
7,"Internet Bulanan 25GB, 30 Hari",149500,Set harga,Paket Data,Telkomsel
8,3in1 Roaming Asia 250MB 15Menit 1hr,152500,Set harga,Paket Data,Telkomsel
9,Telkomsel Orbit Ekstra 90GB + 5GB Bonus 30hr,152900,Set harga,Paket Data,Telkomsel
4,"Kuota MaxStream 30GB + 10GB All network, 30 hari",158200,Set harga,Paket Data,Telkomsel
5,Combo OMG 19GB 30hr,158500,Set harga,Paket Data,Telkomsel
6,Telkomsel Data Flash 25GB,162000,Set harga,Paket Data,Telkomsel
7,Telkomsel Orbit Ekstra 100GB + 5GB Bonus 30hr,162775,Set harga,Paket Data,Telkomsel
8,PAKET INTERNET BULANAN OMG! 160K,165750,Set harga,Paket Data,Telkomsel
9,Internet OMG 160RB 30hr,166075,Set harga,Paket Data,Telkomsel
6,Paket Internet Bulanan OMG + Vidio 170K,168700,Set harga,Paket Data,Telkomsel
7,Internet RoaMAX Hongkong,192500,Set harga,Paket Data,Telkomsel
8,"Internet Bulanan 75GB, 30 Hari",199500,Set harga,Paket Data,Telkomsel
9,Roaming Eropa 500MB 1hr,203700,Set harga,Paket Data,Telkomsel
10,Telkomsel Orbit Ekstra 130GB + 5GB Bonus 30hr,203850,Set harga,Paket Data,Telkomsel
6,Data 50GB + 2GB OMG 30hr,209000,Set harga,Paket Data,Telkomsel
7,Combo OMG 33GB 30hr,212500,Set harga,Paket Data,Telkomsel
8,PAKET INTERNET BULANAN OMG! 210K,217025,Set harga,Paket Data,Telkomsel
9,Internet OMG 210RB 30hr,217275,Set harga,Paket Data,Telkomsel
10,Paket Internet Bulanan OMG + Vidio 220K,217950,Set harga,Paket Data,Telkomsel
5,Internet OMG 32GB 30hr,231000,Set harga,Paket Data,Telkomsel
6,Paket Data 200K (Up to 50GB + 2GB MAXStream),238000,Set harga,Paket Data,Telkomsel
7,"Internet Bulanan 100GB, 30 Hari",249500,Set harga,Paket Data,Telkomsel
8,Telkomsel Orbit Ekstra 175GB + 5GB Bonus 30hr,254700,Set harga,Paket Data,Telkomsel
9,Telkomsel Data Flash 30GB,255000,Set harga,Paket Data,Telkomsel
10,Internet PROMO Umroh 12 days,274500,Set harga,Paket Data,Telkomsel
6,Internet OMG 62GB 30hr,284000,Set harga,Paket Data,Telkomsel
7,INTERNET ROAMAX UEA,304500,Set harga,Paket Data,Telkomsel
8,INTERNET ROAMAX QATAR 20GB 30HARI,304500,Set harga,Paket Data,Telkomsel
9,Combo PROMO Umroh 12 days,339000,Set harga,Paket Data,Telkomsel
10,Internet RoaMAX Western 5GB 15 Hari,347000,Set harga,Paket Data,Telkomsel
6,RoaMAX Internet Asia Australia,371800,Set harga,Paket Data,Telkomsel
7,Internet PROMO Umroh 17 Days,374000,Set harga,Paket Data,Telkomsel
8,3in1 Roaming Asia 750MB 15Menit 3hr,381900,Set harga,Paket Data,Telkomsel
9,Roaming Amerika-Afrika 1.05GB 3hr,432800,Set harga,Paket Data,Telkomsel
10,RoaMAX Internet Western,447000,Set harga,Paket Data,Telkomsel
11,"Internet Bulanan 200 GB*, 30 Hari",449500,Set harga,Paket Data,Telkomsel
7,Combo RoaMAX Asia Australia,472500,Set harga,Paket Data,Telkomsel
8,Internet RoaMAX Haji 20 hari,498000,Set harga,Paket Data,Telkomsel
9,Combo RoaMAX Western,498000,Set harga,Paket Data,Telkomsel
10,3in1 Roaming Asia 1.25GB 30Menit 5hr,509500,Set harga,Paket Data,Telkomsel
11,Roaming Eropa 1.5GB 3hr,509500,Set harga,Paket Data,Telkomsel
6,3in1 Roaming Amerika-Afrika 1.05GB 10Menit 3hr,534500,Set harga,Paket Data,Telkomsel
7,Combo PROMO Umroh 17 days,548500,Set harga,Paket Data,Telkomsel
8,3in1 Haji 7GB 40Menit 20hr,560000,Set harga,Paket Data,Telkomsel
9,Internet RoaMAX Western 15GB 30 Hari,598000,Set harga,Paket Data,Telkomsel
10,Combo RoaMAX Haji 20 hari,608000,Set harga,Paket Data,Telkomsel
11,3in1 Roaming Asia 1.75GB 30Menit 7hr,612500,Set harga,Paket Data,Telkomsel
8,RoaMAX Internet Continent,648000,Set harga,Paket Data,Telkomsel
9,Roaming Amerika-Afrika 1.75GB 5hr,662000,Set harga,Paket Data,Telkomsel
10,Combo RoaMAX Continent,698000,Set harga,Paket Data,Telkomsel
6,3in1 Roaming Eropa 1.5GB 10Menit 3hr,715000,Set harga,Paket Data,Telkomsel
7,Internet RoaMAX Haji 30 hari,718000,Set harga,Paket Data,Telkomsel
8,Internet RoaMAX Western 20GB 30 Hari,723000,Set harga,Paket Data,Telkomsel
9,3in1 Roaming Amerika-Afrika 1.75GB 20Menit 5hr,866000,Set harga,Paket Data,Telkomsel
4,Combo RoaMAX Haji 30 hari,868000,Set harga,Paket Data,Telkomsel
5,Internet RoaMAX Haji 45 hari,878000,Set harga,Paket Data,Telkomsel
6,Roaming Amerika-Afrika 2.45GB 7hr,917500,Set harga,Paket Data,Telkomsel
7,Combo RoaMAX Haji 45 hari,1048000,Set harga,Paket Data,Telkomsel
8,3in1 Roaming Amerika-Afrika 2.45GB 20Menit 7hr,1121000,Set harga,Paket Data,Telkomsel
9,Roaming Eropa 3.5GB 7hr,1121000,Set harga,Paket Data,Telkomsel
10,3in1 Roaming Eropa 2.5GB 20Menit 5hr,1222500,Set harga,Paket Data,Telkomsel
7,3in1 Roaming Eropa 3.5GB 20Menit 7hr,1528000,Set harga,Paket Data,Telkomsel
0,"Xtra Edukasi 2GB, 1hr",1938,Set harga,Paket Data,XL
1,XL Pure 100MB 14 Hari,2800,Set harga,Paket Data,XL
2,"Xtra Conference 2GB, 1hr",2938,Set harga,Paket Data,XL
3,"Xtra Edukasi 5GB, 3hr",3435,Set harga,Paket Data,XL
4,"Xtra Conference 5GB, 3hr",4938,Set harga,Paket Data,XL
5,KUOTA GAMES + UTAMA 1GB 30HR,5850,Set harga,Paket Data,XL
6,XL HOTROD 1GB 1hr,6650,Set harga,Paket Data,XL
7,XL Data Pure 500MB 30hr,6900,Set harga,Paket Data,XL
8,XL Nelpon ke Luar Negeri 20Mnt 1hr,7790,Set harga,Paket Data,XL
6,Xtra HotRod Sepcial 1GB 7 hr,8025,Set harga,Paket Data,XL
7,Xtra Edukasi 15GB 7 Hari,8300,Set harga,Paket Data,XL
8,XL HOTROD 1 GB 7 Hari,9350,Set harga,Paket Data,XL
9,KUOTA GAMES 2GB 30HR,9450,Set harga,Paket Data,XL
10,"Paket Blue 3GB, 2hr",9500,Set harga,Paket Data,XL
11,Paket Blue 3GB 2hr,9500,Set harga,Paket Data,XL
6,KUOTA GAMES + UTAMA 2GB 30HR,9900,Set harga,Paket Data,XL
7,HotRod 24Jam 1.5GB 3hr,10500,Set harga,Paket Data,XL
8,Xtra Kuota Joox 10GB 30hr,10550,Set harga,Paket Data,XL
9,Xtra Kuota Midnight 5GB 30hr,10550,Set harga,Paket Data,XL
10,Xtra Kuota Mobile Legends 10GB 30hr,10550,Set harga,Paket Data,XL
6,Xtra Kuota Waze 10GB 30hr,10550,Set harga,Paket Data,XL
7,Xtra Kuota Youtube 2GB 30hr,10550,Set harga,Paket Data,XL
8,350Menit ke Sesama + 50Menit ke Semua 7hr,10900,Set harga,Paket Data,XL
9,"AnyNet 350 Menit, 7 hari",11250,Set harga,Paket Data,XL
10,"Xtra Hotrod Special 2GB, 7hr",11700,Set harga,Paket Data,XL
6,"AnyNet 400Mnt, 7hr",11750,Set harga,Paket Data,XL
7,"Xtra Conference 15GB, 7hr",11874,Set harga,Paket Data,XL
8,Xtra Hotrod Special S 7hr,13400,Set harga,Paket Data,XL
9,KUOTA GAMES + UTAMA 3GB 30HR,14500,Set harga,Paket Data,XL
10,"Xtra Hotrod Special 3GB, 7hr",14700,Set harga,Paket Data,XL
7,200Menit ke Sesama 14hr,14990,Set harga,Paket Data,XL
8,Xtra ON 1GB,15000,Set harga,Paket Data,XL
9,HotRod 24Jam 1.5GB 7hr,15115,Set harga,Paket Data,XL
10,XL Pure 800MB 30 hari,16500,Set harga,Paket Data,XL
11,HotRod 24Jam 2.5GB 7hr,17290,Set harga,Paket Data,XL
12,XTRA HotRod Special 2.5GB 7hr,17290,Set harga,Paket Data,XL
7,XL Data Pure 1GB 30hr,18000,Set harga,Paket Data,XL
8,KUOTA GAMES 4GB ( 2GB KUOTA UTAMA + 2GB KUOTA GAMES ) 30hr,18500,Set harga,Paket Data,XL
9,Xtra Combo Flex S 1.5GB 30hr,18555,Set harga,Paket Data,XL
10,"Xtra Hotrod Special 4.5GB, 7hr",20000,Set harga,Paket Data,XL
5,HotRod 2GB 7hr,20350,Set harga,Paket Data,XL
6,Xtra ON 2GB,22750,Set harga,Paket Data,XL
7,HotRod 24Jam 4GB 7hr,23435,Set harga,Paket Data,XL
8,"Xtra Hotrod Special 6.5GB, 7hr",24500,Set harga,Paket Data,XL
9,Xtra Hotrod Special L 7hr,25900,Set harga,Paket Data,XL
10,XL Nelpon ke Luar Negeri 80Menit 7hr,26125,Set harga,Paket Data,XL
6,KUOTA GAMES 6GB ( 3GB KUOTA UTAMA + 3GB KUOTA GAMES ) 30hr,26900,Set harga,Paket Data,XL
7,XL Data Pure 2GB 30hr,29000,Set harga,Paket Data,XL
8,"XTRA Bicara Nelpon+Internet, 30hr",29400,Set harga,Paket Data,XL
9,HotRod 24Jam 6GB 7hr,29775,Set harga,Paket Data,XL
10,HotRod 24 Jam 800MB,29900,Set harga,Paket Data,XL
11,XL Data Pure 3GB 30hr,32500,Set harga,Paket Data,XL
6,KUOTA GAMES 8GB ( 4GB KUOTA UTAMA + 4GB KUOTA GAMES ) 30hr,33300,Set harga,Paket Data,XL
7,Xtra Hotrod Special XL 7hr,33325,Set harga,Paket Data,XL
8,Xtra Combo Flex S+ 3GB + Kuota Area Hingga 7GB + Bonus Flex 30hr,33390,Set harga,Paket Data,XL
9,"XTRA Bicara Nelpon,SMS,Internet, 30hr",34300,Set harga,Paket Data,XL
4,XL Data Pure 4GB 30hr,37575,Set harga,Paket Data,XL
5,"AnyNet 150Mnt, 30hr",39200,Set harga,Paket Data,XL
6,KUOTA GAMES 10GB ( 5GB KUOTA UTAMA + 5GB KUOTA GAMES ) 30hr,42600,Set harga,Paket Data,XL
7,XL Data Pure 5GB 30hr,43150,Set harga,Paket Data,XL
8,"Xtra Combo Flex Basic 4GB + Kuota Area Hingga 1,5GB + Bonus Flex",43800,Set harga,Paket Data,XL
6,Xtra Combo Flex M+ 6GB + Kuota Area Hingga 12GB + Bonus Flex 30hr,46250,Set harga,Paket Data,XL
7,HotRod 24 Jam 1.5GB,48885,Set harga,Paket Data,XL
8,"XTRA Combo 5GB+10GB, Double Youtube, 30hr",56400,Set harga,Paket Data,XL
5,"Xtra Combo 5GB + 10GB, Double Youtube, 30hr",56400,Set harga,Paket Data,XL
6,"XTRA Combo 5GB+5GB, Double Youtube 30hr",58400,Set harga,Paket Data,XL
7,HotRod 24 Jam 3GB,58712,Set harga,Paket Data,XL
8,"AnyNet 250Mnt, 30hr",58800,Set harga,Paket Data,XL
9,"Akrab S, 2 Anggota, 30hr",59400,Set harga,Paket Data,XL
6,"Akrab 30GB, 2 Anggota, 30hr, Rp62rb",61900,Set harga,Paket Data,XL
7,XL Data Pure 8GB 30hr,66125,Set harga,Paket Data,XL
8,Xtra Combo Flex L 9GB + Kuota Area Hingga 18GB + Bonus Flex 30hr,66500,Set harga,Paket Data,XL
9,"XTRA Combo VIP 5GB+10GB, Double Youtube, 30hr",69000,Set harga,Paket Data,XL
7,"AnyNet 325Mnt, 30hr",73500,Set harga,Paket Data,XL
8,Xtra Combo Flex L+ 11GB + Kuota Area Hingga 23GB + Bonus Flex 30hr,78000,Set harga,Paket Data,XL
9,"XTRA Combo 10GB+20GB, Double Youtube, 30hr",84850,Set harga,Paket Data,XL
4,XL PASS 1 Days,85000,Set harga,Paket Data,XL
5,"XTRA Combo 10GB+10GB, Double Youtube 30hr",86600,Set harga,Paket Data,XL
6,Xtra Combo Flex XL 18GB + Kuota Area Hingga 25GB + Bonus Flex 30hr,94750,Set harga,Paket Data,XL
7,"AnyNet 300Mnt, 90hr",97900,Set harga,Paket Data,XL
8,HotRod 24Jam 6GB,97900,Set harga,Paket Data,XL
5,"XTRA Combo VIP 10GB+20GB, Double Youtube, 30hr",99000,Set harga,Paket Data,XL
6,Internet Umroh &amp; Haji 1GB+1GB,99000,Set harga,Paket Data,XL
7,Nelpon Umroh &amp; Haji,99000,Set harga,Paket Data,XL
8,XL Pure 6GB 30 hari,103500,Set harga,Paket Data,XL
9,XTRA Combo Lite 25GB + Bonus Kuota Area Hingga 45GB 30hr,106000,Set harga,Paket Data,XL
7,Xtra Combo Flex XXL 30GB + Kuota Area Hingga 60GB + Bonus Flex 30hr,113900,Set harga,Paket Data,XL
8,Xtra Combo 30GB,121400,Set harga,Paket Data,XL
9,"XTRA Combo 15GB+15GB, Double Youtube 30hr",121500,Set harga,Paket Data,XL
4,"Akrab 65GB, 2 Anggota, 30hr, Rp125rb",122500,Set harga,Paket Data,XL
5,XL Pure 8GB 30 Hari,123500,Set harga,Paket Data,XL
6,"Akrab M, 2 Anggota, 30hr",125000,Set harga,Paket Data,XL
7,HotRod 24Jam 8GB,127895,Set harga,Paket Data,XL
8,XTRA Combo Lite 37GB + Bonus Kuota Area Hingga 53GB 30hr,127900,Set harga,Paket Data,XL
4,"XTRA Combo 15GB+30GB, Double Youtube, 30hr",129000,Set harga,Paket Data,XL
5,Xtra Combo Flex XXXL 60GB + Kuota Area Hingga 120GB + Bonus Flex 30hr,137200,Set harga,Paket Data,XL
6,"AnyNet 500Mnt, 30hr",137200,Set harga,Paket Data,XL
7,Xtra Combo Flex XXL 30GB + Kuota Area Hingga 30GB + Bonus Flex 30hr,137625,Set harga,Paket Data,XL
8,"XTRA Combo VIP 15GB+30GB, Double Youtube, 30hr",139000,Set harga,Paket Data,XL
4,"AnyNet 500Mnt, 90hr",144000,Set harga,Paket Data,XL
5,"Anynet 500 menit, 90 hari",146000,Set harga,Paket Data,XL
6,Nelp &amp; SMS Umroh &amp; Haji 10 Hari,149000,Set harga,Paket Data,XL
7,XL PASS 3 Days,150000,Set harga,Paket Data,XL
8,XL Roaming Combo 1 Day ,160000,Set harga,Paket Data,XL
9,Xtra Combo Flex XXXL 60GB + Kuota Area Hingga 120GB + Bonus Flex 30hr,163525,Set harga,Paket Data,XL
6,"XTRA Combo 20GB+20GB, Double Youtube 30hr",169900,Set harga,Paket Data,XL
7,Xtra Combo 40GB,170900,Set harga,Paket Data,XL
8,HotRod 24Jam 12GB,175895,Set harga,Paket Data,XL
9,"XTRA Combo 20GB+40GB, Double Youtube, 30hr",179000,Set harga,Paket Data,XL
10,Nelp &amp; SMS Umroh &amp; Haji 20 Hari,179000,Set harga,Paket Data,XL
5,Xtra Combo Flex Prime 48GB,185000,Set harga,Paket Data,XL
6,"XTRA Combo VIP 20GB+40GB, Double Youtube, 30hr",189000,Set harga,Paket Data,XL
7,Internet Umroh &amp; Haji 2GB+2GB,189000,Set harga,Paket Data,XL
8,Nelp &amp; SMS Umroh &amp; Haji 40 Hari,199000,Set harga,Paket Data,XL
9,Internet Umroh &amp; Haji 10 Hari,199000,Set harga,Paket Data,XL
5,"Akrab 147GB, 3 Anggota, 30hr, Rp205rb",199500,Set harga,Paket Data,XL
6,"Akrab L, 3 Anggota, 30hr",205000,Set harga,Paket Data,XL
7,HotRod 24Jam 16GB,215000,Set harga,Paket Data,XL
8,XL Roaming Combo 3 Days ,225000,Set harga,Paket Data,XL
9,"XTRA Combo 35GB+35GB, Double Youtube 30hr",230500,Set harga,Paket Data,XL
10,Xtra Combo 70GB,230500,Set harga,Paket Data,XL
7,"XTRA Combo 35GB+70GB, Double Youtube, 30hr",239000,Set harga,Paket Data,XL
8,Xtra Combo Flex Max 80GB + Kuota Area Hingga 105GB + Bonus Flex,245000,Set harga,Paket Data,XL
9,"XTRA Combo VIP 35GB+70GB, Double Youtube, 30hr",249000,Set harga,Paket Data,XL
5,Internet Umroh &amp; Haji 20 Hari,249000,Set harga,Paket Data,XL
6,XL PASS 7 Days,250000,Set harga,Paket Data,XL
7,Combo Umroh &amp; Haji 10 Hari,293500,Set harga,Paket Data,XL
8,Combo Umroh &amp; Haji 10 Hari,299000,Set harga,Paket Data,XL
9,"Akrab XL, 4 Anggota 30hr",319000,Set harga,Paket Data,XL
10,"Akrab XL, 4 Anggota, 30hr",320000,Set harga,Paket Data,XL
7,Internet Umroh &amp; Haji 40 Hari,379000,Set harga,Paket Data,XL
8,Combo Umroh &amp; Haji 20 Hari,399000,Set harga,Paket Data,XL
9,XL Roaming Combo 7 Days ,425000,Set harga,Paket Data,XL
10,Internet Umroh &amp; Haji 5GB+5GB,469000,Set harga,Paket Data,XL
11,"Akrab 460GB, 4 Anggota, 30hr, Rp515rb",497500,Set harga,Paket Data,XL
7,"Akrab XXL, 4 Anggota, 30hr",515000,Set harga,Paket Data,XL
8,Combo Umroh &amp; Haji 40 Hari,549000,Set harga,Paket Data,XL
9,XL Roaming Combo 30 Days,825000,Set harga,Paket Data,XL
10,XL PASS 30 Days,950000,Set harga,Paket Data,XL
11,Internet Umroh &amp; Haji 25GB+25GB,999000,Set harga,Paket Data,XL
0,Axis Data Boostr Video 500MB 1hr,1400,Set harga,Paket Data,Axis
1,Axis Data Paket Warnet 1GB 1 Jam,1500,Set harga,Paket Data,Axis
2,Axis Data Boostr Video 1GB 1hr,1850,Set harga,Paket Data,Axis
3,Axis Data Boostr Video 2GB 1hr,2700,Set harga,Paket Data,Axis
4,Xtra Sosial Media - Youtube 1GB All / 1.5GB BB SKS 30hr,3474,Set harga,Paket Data,Axis
5,Xtra Sosial Media - Youtube Mini 2GB All / 3GB Kuota Lokal 5hr,3474,Set harga,Paket Data,Axis
4,Axis Data Boostr Video 1GB 7hr,4300,Set harga,Paket Data,Axis
5,AIGO Mini 1GB + Lokal 1hr,4850,Set harga,Paket Data,Axis
6,Bronet Mini 1GB + Kuota Lokal 1hr,5850,Set harga,Paket Data,Axis
7,AIGO SS 0.5GB 3hr,6300,Set harga,Paket Data,Axis
8,Xtra Sosial Media - Youtube 2GB All / 3GB BB SKS 30hr,6435,Set harga,Paket Data,Axis
9,Xtra Sosial Media - Youtube Mini 4GB All / 6GB Kuota Lokal 5hr,6435,Set harga,Paket Data,Axis
6,Xtra Sosial Media - Sosmed Mini 4GB All / 6GB Kuota Lokal 5hr,6445,Set harga,Paket Data,Axis
7,Axis Data Boostr Video 2GB 7hr,7550,Set harga,Paket Data,Axis
8,AIGO SS 1.5GB 5hr,8400,Set harga,Paket Data,Axis
9,Axis Data Mini 1GB 5hr,8625,Set harga,Paket Data,Axis
10,Paket KANGEN 24Jam 30mnt 7hr,8750,Set harga,Paket Data,Axis
6,Axis Data Mini 1.5GB 3hr,9775,Set harga,Paket Data,Axis
7,"[Parti Day] Bronet 24jam 3GB Nat + 2GB Sosmed/Chat, 3hr",9800,Set harga,Paket Data,Axis
8,Axis Data Mini 2GB 3hr,9800,Set harga,Paket Data,Axis
9,Bronet Mini 1GB + Kuota Lokal 3hr,9925,Set harga,Paket Data,Axis
10,AIGO Bronet Mini 300MB 7hr,9990,Set harga,Paket Data,Axis
5,AIGO Bronet Mini 1GB 5hr,10090,Set harga,Paket Data,Axis
6,AIGO Bronet Mini 1.5GB 5hr,10300,Set harga,Paket Data,Axis
7,Axis Data Boostr Video 3GB 7hr,10400,Set harga,Paket Data,Axis
8,AIGO Mini Bronet 24Jam 1.5GB + Lokal 5hr,10875,Set harga,Paket Data,Axis
9,Bronet Mini Mini 1GB 5hr,10900,Set harga,Paket Data,Axis
10,Promo Bronet 24Jam 3GB Nat + 2GB Sosmed/Chat 3hr,11275,Set harga,Paket Data,Axis
6,Bronet Mini 2GB + Kuota Lokal 3hr,11925,Set harga,Paket Data,Axis
7,BRONET Mini 1GB 7 hari,12450,Set harga,Paket Data,Axis
8,AIGO SS 2GB 5hr,12900,Set harga,Paket Data,Axis
9,AIGO SS 5GB 3hr,13100,Set harga,Paket Data,Axis
10,Bronet 24Jam 2GB + Kuota Lokal 30hr,14900,Set harga,Paket Data,Axis
11,BRONET Mini 1.5GB 7 hari,14950,Set harga,Paket Data,Axis
8,Bronet Mini 24Jam 1GB 30hr,16000,Set harga,Paket Data,Axis
9,Axis Data Mini 3GB 5hr,16750,Set harga,Paket Data,Axis
10,AIGO SS 4GB 5hr,16800,Set harga,Paket Data,Axis
11,BRONET Mini 2GB 7hr,17355,Set harga,Paket Data,Axis
6,AIGO Bronet 24Jam 3GB + Lokal 30hr,18325,Set harga,Paket Data,Axis
7,Bronet Mini Mini 2GB 7hr,19500,Set harga,Paket Data,Axis
8,AIGO Bronet Mini 2.5GB 7hr,19500,Set harga,Paket Data,Axis
9,BRONET Mini 3GB 7 hari,20250,Set harga,Paket Data,Axis
10,AIGO SS 7GB 5hr,21300,Set harga,Paket Data,Axis
11,BRONET Mini 5GB 7 hari,22600,Set harga,Paket Data,Axis
12,AIGO Mini Bronet 24Jam 3.5GB + Lokal 7hr,23050,Set harga,Paket Data,Axis
7,Axis Data Mini 5GB 5hr,24500,Set harga,Paket Data,Axis
8,Bronet Mini Mini 3GB 15hr,24900,Set harga,Paket Data,Axis
9,AIGO Bronet 24Jam 2GB 30hr,25900,Set harga,Paket Data,Axis
10,Paket KANGEN 24Jam 100mnt 30hr,26400,Set harga,Paket Data,Axis
11,Bronet Mini 24Jam 3GB 30hr,26925,Set harga,Paket Data,Axis
6,AIGO Mini Bronet 24Jam 4GB + Lokal 15hr,27625,Set harga,Paket Data,Axis
7,AIGO Bronet 24Jam 6GB + Lokal 30hr,28000,Set harga,Paket Data,Axis
8,BRONET Mini 8GB 7 hari,29450,Set harga,Paket Data,Axis
9,Promo Bronet 24Jam 6GB Nat + 4GB Sosmed/Chat 10hr,29600,Set harga,Paket Data,Axis
10,AIGO Bronet 24Jam 2GB 60hr,31900,Set harga,Paket Data,Axis
11,AIGO Bronet Mini 5GB 15hr,34900,Set harga,Paket Data,Axis
7,"AXIS+ Bronet 24Jam 1GB 30hr, 6bln",36500,Set harga,Paket Data,Axis
8,AIGO Bronet 24Jam 8GB + Lokal 30hr,38350,Set harga,Paket Data,Axis
9,AIGO Mini Bronet 24Jam 8GB + Lokal 15hr,42850,Set harga,Paket Data,Axis
10,AIGO Bronet 24Jam 14GB + Lokal 30hr,57925,Set harga,Paket Data,Axis
5,Bronet Mini 24Jam 10GB 30hr,60500,Set harga,Paket Data,Axis
6,BRONET 24Jam 8GB 60d + Sosmed 2GB 30d,67500,Set harga,Paket Data,Axis
7,BRONET 24Jam 8GB + Games 2GB 60hr,69500,Set harga,Paket Data,Axis
8,"AXIS+ Bronet 24Jam 2GB 30hr, 6bln",71000,Set harga,Paket Data,Axis
9,AIGO Bronet 24Jam 20GB + Lokal 30hr,72650,Set harga,Paket Data,Axis
5,Bronet Mini 30GB + Kuota Lokal 15hr,74425,Set harga,Paket Data,Axis
6,"AXIS+ Bronet 24Jam 1GB 30hr, 12bln",77000,Set harga,Paket Data,Axis
7,BRONET 24Jam 10GB 60d + Sosmed 2GB 30d,79500,Set harga,Paket Data,Axis
8,BRONET 24Jam 10GB + Games 2GB 60hr,79700,Set harga,Paket Data,Axis
9,"[Parti Day] Bronet 24jam 30GB Nat + 15GB Sosmed/Chat, 30hr",80000,Set harga,Paket Data,Axis
5,Bronet Mini 24Jam 16GB 30hr,82200,Set harga,Paket Data,Axis
6,AIGO Bronet 24Jam 22GB 30hr,84850,Set harga,Paket Data,Axis
7,AXIS PASS 1 Hari,85000,Set harga,Paket Data,Axis
8,AXIS PASS 1hr,85000,Set harga,Paket Data,Axis
9,"AXIS+ Bronet 24Jam 3GB 30hr, 6bln",87000,Set harga,Paket Data,Axis
10,Promo Bronet 24Jam 30GB Nat + 15GB Sosmed/Chat 30hr,88225,Set harga,Paket Data,Axis
6,BRONET 24Jam 12GB 60d + Sosmed 2GB 30d,89000,Set harga,Paket Data,Axis
7,BRONET 24Jam 12GB + Games 2GB 60hr,90000,Set harga,Paket Data,Axis
8,AIGO Bronet 24Jam 35GB + Lokal 60hr,109250,Set harga,Paket Data,Axis
9,BRONET 24Jam 16GB 60hr,119900,Set harga,Paket Data,Axis
10,Nelp &amp; SMS Mabrur 10 Hari,149000,Set harga,Paket Data,Axis
6,AXIS PASS 3 Hari,150000,Set harga,Paket Data,Axis
7,AXIS PASS 3hr,150000,Set harga,Paket Data,Axis
8,AIGO Bronet 24Jam 75GB + Lokal 60hr,173800,Set harga,Paket Data,Axis
9,Nelp &amp; SMS Mabrur 20 Hari,179000,Set harga,Paket Data,Axis
10,Internet Mabrur 10 Hari,199000,Set harga,Paket Data,Axis
11,Nelp &amp; SMS Mabrur 40 Hari,199000,Set harga,Paket Data,Axis
7,Internet Mabrur 20 Hari,249000,Set harga,Paket Data,Axis
8,AXIS Mabrur Plus 5GB 10hr,249600,Set harga,Paket Data,Axis
9,AXIS PASS 7 Hari,250000,Set harga,Paket Data,Axis
10,AXIS PASS 7hr,250000,Set harga,Paket Data,Axis
11,Combo Mabrur 10 Hari,299000,Set harga,Paket Data,Axis
12,AXIS Mabrur Plus 10GB 15hr,374400,Set harga,Paket Data,Axis
7,Internet Mabrur 40 Hari,379000,Set harga,Paket Data,Axis
8,Combo Mabrur &amp; Haji 20 Hari,399000,Set harga,Paket Data,Axis
9,AXIS Mabrur Plus 10GB 20hr,474240,Set harga,Paket Data,Axis
10,Combo Mabrur 40 Hari,549000,Set harga,Paket Data,Axis
0,ROAM KUOTA 2.5GB ASIA AUSTRALIA 7 HARI,164000,Set harga,Paket Data,Indosat
1,Travel On 80GB 30hr,187800,Set harga,Paket Data,Indosat
2,Freedom Internet 100GB 30hr,197900,Set harga,Paket Data,Indosat
3,Umroh Haji Internet 10 Hari,245000,Set harga,Paket Data,Indosat
4,Freedom Internet 100GB 90hr,248000,Set harga,Paket Data,Indosat
5,Umroh Haji Internet 15 Hari,325000,Set harga,Paket Data,Indosat
6,Umroh Haji Internet 20 Hari,350000,Set harga,Paket Data,Indosat
7,Umroh Haji Complete 15 Hari,434500,Set harga,Paket Data,Indosat
8,Umroh Haji Internet 30 Hari,492500,Set harga,Paket Data,Indosat
9,Umroh Haji Internet 45 Hari,642500,Set harga,Paket Data,Indosat
0,Happy 52GB 30 hari + Nelpon ke Tri &amp; IM3,117500,Set harga,Paket Data,Tri
1,Happy 55GB + 17GB Lokal + Ekstra Nelp ke &amp; IM3 30hr,123550,Set harga,Paket Data,Tri
2,Happy 75GB 30 hari + Nelpon ke Tri &amp; IM3,147500,Set harga,Paket Data,Tri
3,Trip Ibadah 2GB 15Hr,194400,Set harga,Paket Data,Tri
4,Happy 100GB 30 hari + Kuota Lokal 30GB + Nelpon ke Tri &amp; IM3,199000,Set harga,Paket Data,Tri
5,Happy 130GB 30 hari + Kuota Lokal 40GB + Nelpon ke Tri &amp; IM3,254500,Set harga,Paket Data,Tri
6,Trip Ibadah 3GB 45Hr,334400,Set harga,Paket Data,Tri
7,Trip Amerika Eropa 10GB 14Hr,463000,Set harga,Paket Data,Tri
0,Asia Pacific 1GB 30hr,91700,Set harga,Paket Data,Smartfren
1,UNLIMITED HARIAN 2 GB 28 HARI,92100,Set harga,Paket Data,Smartfren
2,Kuota Nonstop 30GB,99700,Set harga,Paket Data,Smartfren
3,KUOTA 60 GB,107500,Set harga,Paket Data,Smartfren
4,UNLIMITED NONSTOP 45 GB,108070,Set harga,Paket Data,Smartfren
5,UNLIMITED HARIAN 3 GB 28 HARI,109000,Set harga,Paket Data,Smartfren
6,Kuota EVO Modem 20GB + 40GB Malam 30hr,109500,Set harga,Paket Data,Smartfren
7,Plan Smartfren Kuota 3L,123500,Set harga,Paket Data,Smartfren
8,UNLIMITED NONSTOP 60 GB,135110,Set harga,Paket Data,Smartfren
9,Plan Smartfren Kuota 4L,147500,Set harga,Paket Data,Smartfren
10,KUOTA 90 GB,162100,Set harga,Paket Data,Smartfren
11,Kuota EVO Modem 30GB + 60GB Malam 30hr,163500,Set harga,Paket Data,Smartfren
6,UNLIMITED HARIAN 1.75 GB 28 HARI,163500,Set harga,Paket Data,Smartfren
7,Internet Volume 120 GB,195000,Set harga,Paket Data,Smartfren
8,KUOTA 120 GB,216150,Set harga,Paket Data,Smartfren
9,UNLIMITED HARIAN 2 GB 28 HARI,217900,Set harga,Paket Data,Smartfren
10,Kuota EVO Modem 40GB + 80GB Malam 30hr,218000,Set harga,Paket Data,Smartfren
7,Asia Pacific 3GB 30hr,254900,Set harga,Paket Data,Smartfren
8,Kuota 100GB 30hr,306000,Set harga,Paket Data,Smartfren
9,Asia Pacific 5GB 30hr,408300,Set harga,Paket Data,Smartfren
10,Kuota 200GB 30hr,509300,Set harga,Paket Data,Smartfren
11,Kuota 420GB 30hr,1018600,Set harga,Paket Data,Smartfren
0,8.500,10000,Set harga,Top Up Digital,OVO
1,18.500,20000,Set harga,Top Up Digital,OVO
2,23.500,25000,Set harga,Top Up Digital,OVO
3,28.500,30000,Set harga,Top Up Digital,OVO
4,38.500,40000,Set harga,Top Up Digital,OVO
5,43.500,45000,Set harga,Top Up Digital,OVO
6,48.500,50000,Set harga,Top Up Digital,OVO
7,53.500,55000,Set harga,Top Up Digital,OVO
8,58.500,60000,Set harga,Top Up Digital,OVO
9,68.500,70000,Set harga,Top Up Digital,OVO
10,73.500,75000,Set harga,Top Up Digital,OVO
11,78.500,80000,Set harga,Top Up Digital,OVO
7,88.500,90000,Set harga,Top Up Digital,OVO
8,93.500,95000,Set harga,Top Up Digital,OVO
9,98.500,100000,Set harga,Top Up Digital,OVO
10,123.500,125000,Set harga,Top Up Digital,OVO
11,148.500,150000,Set harga,Top Up Digital,OVO
12,173.500,175000,Set harga,Top Up Digital,OVO
13,198.500,200000,Set harga,Top Up Digital,OVO
14,248.500,250000,Set harga,Top Up Digital,OVO
15,298.500,300000,Set harga,Top Up Digital,OVO
7,348.500,350000,Set harga,Top Up Digital,OVO
8,398.500,400000,Set harga,Top Up Digital,OVO
9,448.500,450000,Set harga,Top Up Digital,OVO
10,498.500,500000,Set harga,Top Up Digital,OVO
11,598.500,600000,Set harga,Top Up Digital,OVO
12,698.500,700000,Set harga,Top Up Digital,OVO
13,748.500,750000,Set harga,Top Up Digital,OVO
14,798.500,800000,Set harga,Top Up Digital,OVO
15,898.500,900000,Set harga,Top Up Digital,OVO
9,998.500,1000000,Set harga,Top Up Digital,OVO
0,350.000,351500,Set harga,Top Up Digital,GoPay Customer
1,400.000,401500,Set harga,Top Up Digital,GoPay Customer
2,450.000,451500,Set harga,Top Up Digital,GoPay Customer
3,500.000,501500,Set harga,Top Up Digital,GoPay Customer
4,600.000,601500,Set harga,Top Up Digital,GoPay Customer
5,700.000,701500,Set harga,Top Up Digital,GoPay Customer
6,750.000,751500,Set harga,Top Up Digital,GoPay Customer
7,800.000,801500,Set harga,Top Up Digital,GoPay Customer
8,900.000,901500,Set harga,Top Up Digital,GoPay Customer
9,1.000.000,1001500,Set harga,Top Up Digital,GoPay Customer
0,200.000,201000,Set harga,Top Up Digital,GoPay Driver
1,250.000,251000,Set harga,Top Up Digital,GoPay Driver
2,300.000,301000,Set harga,Top Up Digital,GoPay Driver
3,400.000,400800,Set harga,Top Up Digital,GoPay Driver
4,500.000,501000,Set harga,Top Up Digital,GoPay Driver
5,600.000,600800,Set harga,Top Up Digital,GoPay Driver
6,700.000,700800,Set harga,Top Up Digital,GoPay Driver
7,800.000,800800,Set harga,Top Up Digital,GoPay Driver
8,900.000,900800,Set harga,Top Up Digital,GoPay Driver
0,249.000,250700,Set harga,Top Up Digital,LinkAja
1,299.000,300700,Set harga,Top Up Digital,LinkAja
2,399.000,400800,Set harga,Top Up Digital,LinkAja
3,499.000,500900,Set harga,Top Up Digital,LinkAja
4,599.000,600900,Set harga,Top Up Digital,LinkAja
5,699.000,700900,Set harga,Top Up Digital,LinkAja
6,799.000,800900,Set harga,Top Up Digital,LinkAja
7,899.000,900900,Set harga,Top Up Digital,LinkAja
8,999.000,1001000,Set harga,Top Up Digital,LinkAja
9,2.000.000,2001100,Set harga,Top Up Digital,LinkAja
10,3.000.000,3001100,Set harga,Top Up Digital,LinkAja
0,65.000,66000,Set harga,Top Up Digital,DANA
1,70.000,71000,Set harga,Top Up Digital,DANA
2,75.000,76000,Set harga,Top Up Digital,DANA
3,80.000,81000,Set harga,Top Up Digital,DANA
4,85.000,86000,Set harga,Top Up Digital,DANA
5,90.000,91000,Set harga,Top Up Digital,DANA
6,95.000,96000,Set harga,Top Up Digital,DANA
7,100.000,101000,Set harga,Top Up Digital,DANA
8,150.000,151000,Set harga,Top Up Digital,DANA
9,200.000,201000,Set harga,Top Up Digital,DANA
10,250.000,251000,Set harga,Top Up Digital,DANA
11,300.000,301000,Set harga,Top Up Digital,DANA
12,350.000,351000,Set harga,Top Up Digital,DANA
13,400.000,401000,Set harga,Top Up Digital,DANA
14,500.000,501000,Set harga,Top Up Digital,DANA
15,600.000,601000,Set harga,Top Up Digital,DANA
9,700.000,701000,Set harga,Top Up Digital,DANA
10,800.000,801000,Set harga,Top Up Digital,DANA
11,900.000,901000,Set harga,Top Up Digital,DANA
12,1.000.000,1001000,Set harga,Top Up Digital,DANA
0,90.000,91400,Set harga,Top Up Digital,Shopee Pay
1,95.000,96400,Set harga,Top Up Digital,Shopee Pay
2,100.000,101400,Set harga,Top Up Digital,Shopee Pay
3,150.000,151400,Set harga,Top Up Digital,Shopee Pay
4,200.000,201400,Set harga,Top Up Digital,Shopee Pay
5,250.000,251400,Set harga,Top Up Digital,Shopee Pay
6,300.000,301400,Set harga,Top Up Digital,Shopee Pay
7,400.000,401400,Set harga,Top Up Digital,Shopee Pay
8,500.000,501400,Set harga,Top Up Digital,Shopee Pay
9,600.000,601400,Set harga,Top Up Digital,Shopee Pay
10,700.000,701400,Set harga,Top Up Digital,Shopee Pay
11,800.000,801400,Set harga,Top Up Digital,Shopee Pay
12,900.000,901400,Set harga,Top Up Digital,Shopee Pay
13,1.000.000,1001400,Set harga,Top Up Digital,Shopee Pay
0,50.000,51000,Set harga,Top Up Digital,Grab Driver
1,100.000,101500,Set harga,Top Up Digital,Grab Driver
2,150.000,151500,Set harga,Top Up Digital,Grab Driver
3,200.000,202000,Set harga,Top Up Digital,Grab Driver
4,250.000,252000,Set harga,Top Up Digital,Grab Driver
0,20.000,20090,Set harga,Token Listrik,PLN
1,50.000,50090,Set harga,Token Listrik,PLN
2,100.000,100090,Set harga,Token Listrik,PLN
3,200.000,200090,Set harga,Token Listrik,PLN
4,500.000,500090,Set harga,Token Listrik,PLN
5,1.000.000,1000090,Set harga,Token Listrik,PLN
