,SKU,price,category,brand,platform
0,Axis 5000,5875,Pulsa,AXIS,shopee
1,Axis 10000,10825,Pulsa,AXIS,shopee
2,Axis 15.000,14900,Pulsa,AXIS,shopee
3,Axis 25.000,24900,Pulsa,AXIS,shopee
4,Axis 30.000,29900,Pulsa,AXIS,shopee
6,Axis 50.000,49700,Pulsa,AXIS,shopee
12,Axis 100.000,99300,Pulsa,AXIS,shopee
13,Axis 200.000,199000,Pulsa,AXIS,shopee
14,Axis 300.000,298750,Pulsa,AXIS,shopee
22,AXIS 500.000,498800,Pulsa,AXIS,shopee
23,AXIS 1.000.000,995000,Pulsa,AXIS,shopee
0,Indosat 5000,5850,Pulsa,INDOSAT,shopee
1,Indosat 10000,10950,Pulsa,INDOSAT,shopee
2,Indosat 12000,11990,Pulsa,INDOSAT,shopee
3,Indosat 15.000,14980,Pulsa,INDOSAT,shopee
4,Indosat 20.000,19730,Pulsa,INDOSAT,shopee
5,Indosat 20.000,19950,Pulsa,INDOSAT,shopee
6,INDOSAT 25.000,24925,Pulsa,INDOSAT,shopee
13,Indosat 30.000,29680,Pulsa,INDOSAT,shopee
14,INDOSAT 50.000,48800,Pulsa,INDOSAT,shopee
20,INDOSAT 50.000,49160,Pulsa,INDOSAT,shopee
21,Indosat 60.000,58750,Pulsa,INDOSAT,shopee
22,Indosat 80.000,78050,Pulsa,INDOSAT,shopee
27,INDOSAT 100.000,97310,Pulsa,INDOSAT,shopee
28,INDOSAT 100.000,96700,Pulsa,INDOSAT,shopee
29,Indosat 125.000,123500,Pulsa,INDOSAT,shopee
30,INDOSAT 150.000,143900,Pulsa,INDOSAT,shopee
37,INDOSAT 200.000,187540,Pulsa,INDOSAT,shopee
38,INDOSAT 250.000,234900,Pulsa,INDOSAT,shopee
39,INDOSAT 500.000,469900,Pulsa,INDOSAT,shopee
46,INDOSAT 1.000.000,959900,Pulsa,INDOSAT,shopee
0,Smartfren 5.000,5200,Pulsa,SMARTFREN,shopee
1,Smartfren 10.000,10050,Pulsa,SMARTFREN,shopee
2,Smartfren 20.000,19825,Pulsa,SMARTFREN,shopee
3,Smartfren 25.000,24800,Pulsa,SMARTFREN,shopee
4,Smartfren 30.000,29750,Pulsa,SMARTFREN,shopee
5,Smartfren 50.000,49200,Pulsa,SMARTFREN,shopee
6,Smartfren 60.000,58850,Pulsa,SMARTFREN,shopee
13,Smartfren 75.000,74525,Pulsa,SMARTFREN,shopee
14,Smartfren 100.000,98200,Pulsa,SMARTFREN,shopee
20,Smartfren 150.000,147200,Pulsa,SMARTFREN,shopee
21,Smartfren 200.000,197000,Pulsa,SMARTFREN,shopee
22,Smartfren 300.000,294600,Pulsa,SMARTFREN,shopee
23,Smartfren 500.000,492200,Pulsa,SMARTFREN,shopee
31,Smartfren 1.000.000,989000,Pulsa,SMARTFREN,shopee
0,Telkomsel 1.000,1700,Pulsa,Telkomsel,shopee
1,Telkomsel 2.000,2800,Pulsa,Telkomsel,shopee
2,Telkomsel 3.000,4850,Pulsa,Telkomsel,shopee
3,Telkomsel 5000,5250,Pulsa,Telkomsel,shopee
4,Telkomsel 10000,10350,Pulsa,Telkomsel,shopee
6,Telkomsel 15.000,14900,Pulsa,Telkomsel,shopee
13,Telkomsel 20000,19890,Pulsa,Telkomsel,shopee
14,Telkomsel 25.000,24875,Pulsa,Telkomsel,shopee
20,Telkomsel 30.000,29875,Pulsa,Telkomsel,shopee
22,Telkomsel 35.000,34950,Pulsa,Telkomsel,shopee
23,Telkomsel 40.000,39800,Pulsa,Telkomsel,shopee
32,Telkomsel 45.000,44950,Pulsa,Telkomsel,shopee
40,Telkomsel 50.000,49705,Pulsa,Telkomsel,shopee
48,Telkomsel 55.000,54950,Pulsa,Telkomsel,shopee
49,Telkomsel 60.000,59950,Pulsa,Telkomsel,shopee
56,Telkomsel 65.000,64950,Pulsa,Telkomsel,shopee
57,Telkomsel 70.000,69900,Pulsa,Telkomsel,shopee
65,Telkomsel 75.000,74500,Pulsa,Telkomsel,shopee
73,Telkomsel 80.000,79900,Pulsa,Telkomsel,shopee
74,Telkomsel 85.000,84900,Pulsa,Telkomsel,shopee
81,Telkomsel 90.000,89900,Pulsa,Telkomsel,shopee
82,Telkomsel 95.000,94900,Pulsa,Telkomsel,shopee
89,Telkomsel 100.000,98500,Pulsa,Telkomsel,shopee
96,Telkomsel 150.000,149000,Pulsa,Telkomsel,shopee
98,Telkomsel 200.000,198100,Pulsa,Telkomsel,shopee
105,Telkomsel 300.000,298450,Pulsa,Telkomsel,shopee
106,Telkomsel 500.000,497250,Pulsa,Telkomsel,shopee
113,Telkomsel 1.000.000,995500,Pulsa,Telkomsel,shopee
0,Three 1.000,1350,Pulsa,three,shopee
1,Three 2.000,2310,Pulsa,three,shopee
2,Three 3.000,3310,Pulsa,three,shopee
3,Three 4.000,4389,Pulsa,three,shopee
4,Three 5.000,5570,Pulsa,three,shopee
5,Three 8.000,8500,Pulsa,three,shopee
6,Three 10.000,10425,Pulsa,three,shopee
13,Three 10.000 (test),10450,Pulsa,three,shopee
14,Three 15.000,14975,Pulsa,three,shopee
21,Three 20.000,19850,Pulsa,three,shopee
27,Three 25.000,24750,Pulsa,three,shopee
28,Three 30.000,29900,Pulsa,three,shopee
30,Three 40.000,39950,Pulsa,three,shopee
37,Three 50.000,49400,Pulsa,three,shopee
38,Three 60.000,59600,Pulsa,three,shopee
45,Three 70.000,70000,Pulsa,three,shopee
46,Three 75.000,74500,Pulsa,three,shopee
51,Three 80.000,80000,Pulsa,three,shopee
52,Three 90.000,90000,Pulsa,three,shopee
53,Three 100.000,98900,Pulsa,three,shopee
54,Three 125.000,124000,Pulsa,three,shopee
61,Three 150.000,148500,Pulsa,three,shopee
62,Three 200.000,197400,Pulsa,three,shopee
63,Three 250.000,246000,Pulsa,three,shopee
71,Three 300.000,297200,Pulsa,three,shopee
78,Three 500.000,495000,Pulsa,three,shopee
0,XL 5000,5900,Pulsa,XL,shopee
1,XL 10.000,10815,Pulsa,XL,shopee
2,XL 15.000,14890,Pulsa,XL,shopee
3,XL 25.000,24830,Pulsa,XL,shopee
4,XL 30.000,29800,Pulsa,XL,shopee
5,XL 50.000,49625,Pulsa,XL,shopee
6,XL 100.000,99300,Pulsa,XL,shopee
13,XL 150.000,149550,Pulsa,XL,shopee
14,XL 200.000,199000,Pulsa,XL,shopee
15,XL 300.000,298250,Pulsa,XL,shopee
21,XL 500.000,497600,Pulsa,XL,shopee
22,XL 1.000.000,995000,Pulsa,XL,shopee
0,BRONET 24 Jam 1GB 1 Hr + Bonus Lokal Kuota,5000,Paket Data,AXIS,shopee
1,"Paket KZL Chat (WhatsApp/LINE/BBM) Unlimited,  7hari",4725,Paket Data,AXIS,shopee
2,Paket KZL Games (AOV &amp; Free Fire) 500MB| 7 hari,4800,Paket Data,AXIS,shopee
3,"Paket KZL Games (Vainglory) 500MB,  7hari",4725,Paket Data,AXIS,shopee
4,"Paket KZL SocMed (FB/IG/Twitter) Unlimited,  7hari",4725,Paket Data,AXIS,shopee
5,"Paket KZL Combo SocMed + Chat Unlimited,  7 hari",6650,Paket Data,AXIS,shopee
6,AIGO Mini 1GB + Lokal 1hr,6000,Paket Data,AXIS,shopee
13,Paket KANGEN 24Jam 30mnt 7hr,7900,Paket Data,AXIS,shopee
14,Paket KZL Games (AOV &amp; Free Fire) 1GB| 30 hari,9800,Paket Data,AXIS,shopee
15,"Paket KZL Games (Vainglory) 1GB,  30 hari",9725,Paket Data,AXIS,shopee
21,AIGO Bronet Mini 1GB 5hr,9920,Paket Data,AXIS,shopee
22,[PARTI DAY] Bronet 24jam 3GB Nat+2GB Sosmed/Chat| 3hr,10000,Paket Data,AXIS,shopee
23,AIGO Bronet Mini 24Jam 1.5GB + Lokal 5hr,11260,Paket Data,AXIS,shopee
29,Promo Bronet 24jam 3GB Nat+2GB Sosmed/Chat| 3hr,10900,Paket Data,AXIS,shopee
30,AIGO Mini Bronet 24Jam 1.5GB + Lokal 5hr,12000,Paket Data,AXIS,shopee
31,Bronet Mini 1GB 7 Hari,11786,Paket Data,AXIS,shopee
37,"Paket KZL Chat (WhatsApp/LINE/BBM) Unlimited,  30 hari",14500,Paket Data,AXIS,shopee
38,"Paket KZL SocMed (FB/IG/Twitter) Unlimited,  30 hari",14550,Paket Data,AXIS,shopee
39,Bronet Mini 1.5GB 7 Hari,14450,Paket Data,AXIS,shopee
46,AIGO Bronet 24Jam 1GB 30hr,15280,Paket Data,AXIS,shopee
47,AIGO Bronet 24Jam 3GB + Lokal 30hr,17040,Paket Data,AXIS,shopee
54,AIGO Bronet Mini 2GB 7hr,17600,Paket Data,AXIS,shopee
55,Bronet Mini 2GB 7 Hari,17250,Paket Data,AXIS,shopee
56,"Paket KZL Combo SocMed + Chat Unlimited,  30 hari",19500,Paket Data,AXIS,shopee
63,AIGO Bronet 24Jam 3GB + Lokal 30hr,18700,Paket Data,AXIS,shopee
64,AIGO Bronet Mini 3GB 15hr,22580,Paket Data,AXIS,shopee
71,AIGO Bronet Mini 24Jam 3.5GB + Lokal 7hr,24415,Paket Data,AXIS,shopee
72,BRONET 4G OWSEM 1GB + 1GB,23900,Paket Data,AXIS,shopee
79,BRONET 4G OWSEM 1GB + 1GB,22825,Paket Data,AXIS,shopee
80,Bronet Mini 3GB 7 Hari,19500,Paket Data,AXIS,shopee
87,AIGO Mini Bronet 24Jam 3.5GB + Lokal 7hr,24415,Paket Data,AXIS,shopee
88,AIGO Bronet 24Jam 2GB 30hr,24500,Paket Data,AXIS,shopee
89,Paket KANGEN 24Jam 100mnt 30hr,23820,Paket Data,AXIS,shopee
97,AIGO Bronet Mini 24Jam 4GB + Lokal 15hr,28740,Paket Data,AXIS,shopee
101,Bronet 24Jam 6GB Kuota Utama + 20GB Sosmed/Chat| 10hr,24500,Paket Data,AXIS,shopee
102,"[Parti Promo] Bronet 24jam 6GB Nat + 4GB Sosmed/Chat, 10hr",26550,Paket Data,AXIS,shopee
103,"BRONET 2GB,  60 hari",25210,Paket Data,AXIS,shopee
104,Bronet Mini 5GB 7 Hari,22750,Paket Data,AXIS,shopee
105,AIGO Bronet 24Jam 6GB + Lokal 30hr,29000,Paket Data,AXIS,shopee
111,Promo Bronet 24jam 6GB Nat+4GB Sosmed/Chat| 10hr,28500,Paket Data,AXIS,shopee
112,AIGO Mini Bronet 24Jam 4GB + Lokal 15hr,28740,Paket Data,AXIS,shopee
113,AIGO Bronet 24Jam 6GB + Lokal 30hr,30300,Paket Data,AXIS,shopee
120,AIGO Bronet 24Jam 3GB 30hr,25020,Paket Data,AXIS,shopee
121,AIGO Bronet Mini 5GB 15hr,31750,Paket Data,AXIS,shopee
128,AIGO Bronet Mini 7GB 15hr,33500,Paket Data,AXIS,shopee
129,Bronet Mini 8GB 7 Hari,29350,Paket Data,AXIS,shopee
135,AIGO Bronet Mini 24Jam 8GB + Lokal 15hr,33500,Paket Data,AXIS,shopee
136,AIGO Bronet 24Jam 8GB + Lokal 30hr,39110,Paket Data,AXIS,shopee
137,BRONET 4G OWSEM 1GB + 3GB,38900,Paket Data,AXIS,shopee
144,BRONET 4G OWSEM 1GB + 3GB,37135,Paket Data,AXIS,shopee
145,"BRONET 3GB,  60 hari",31661,Paket Data,AXIS,shopee
153,AXIS+ 24Jam 1GB 30hr| 6bln,35000,Paket Data,AXIS,shopee
161,OWSEM 16GB  Unlimited Games 30 hari,42000,Paket Data,AXIS,shopee
166,AIGO Mini Bronet 24Jam 8GB + Lokal 15hr,42300,Paket Data,AXIS,shopee
167,AIGO Bronet 24Jam 5GB 30hr,31880,Paket Data,AXIS,shopee
168,AIGO Bronet 24Jam 14GB + Lokal 30hr,50700,Paket Data,AXIS,shopee
169,OWSEM 24GB  Unlimited Games 30 hari,53000,Paket Data,AXIS,shopee
176,"BRONET 5GB,  60 hari",47541,Paket Data,AXIS,shopee
177,AIGO Bronet 24Jam 14GB + Lokal 30hr,57750,Paket Data,AXIS,shopee
184,BRONET 4G OWSEM 2GB + 6GB,52850,Paket Data,AXIS,shopee
185,BRONET 4G OWSEM 2GB + 6GB,61900,Paket Data,AXIS,shopee
192,AIGO Bronet 24Jam 12GB 30hr,61950,Paket Data,AXIS,shopee
193,AIGO Bronet 24Jam 8GB 30hr,58820,Paket Data,AXIS,shopee
200,OWSEM 32GB  Unlimited Games 30 hari,59950,Paket Data,AXIS,shopee
201,AIGO Bronet 24Jam 20GB + Lokal 30hr,64800,Paket Data,AXIS,shopee
208,AIGO Bronet 24Jam 20GB + Lokal 30hr,71900,Paket Data,AXIS,shopee
209,AXIS+ 24Jam 2GB 30hr| 6bln,69750,Paket Data,AXIS,shopee
216,BRONET 24Jam 8GB + Games 2GB 60hr,69475,Paket Data,AXIS,shopee
217,"BRONET 8GB,  60 hari",68911,Paket Data,AXIS,shopee
224,[EKSKLUSIF] BRONET 24 Jam 8GB 60 Hari + Sosmed 2GB 30 Hari,66975,Paket Data,AXIS,shopee
225,BRONET 4G OWSEM 3GB + 9GB,80900,Paket Data,AXIS,shopee
231,BRONET 4G OWSEM 3GB + 9GB,68050,Paket Data,AXIS,shopee
232,OWSEM 48GB  Unlimited Games 30 hari,74950,Paket Data,AXIS,shopee
233,AIGO Bronet 24Jam 22GB 30hr,81500,Paket Data,AXIS,shopee
240,AXIS+ 24Jam 1GB 30hr| 12bln,74800,Paket Data,AXIS,shopee
241,[PARTI DAY] Bronet 24jam 30GB Nat+15GB Sosmed/Chat| 30hr,81000,Paket Data,AXIS,shopee
242,"BRONET 10GB,  60 hari",80494,Paket Data,AXIS,shopee
247,BRONET 24Jam 10GB + Games 2GB 60hr,79700,Paket Data,AXIS,shopee
248,[EKSKLUSIF] BRONET 24 Jam 10GB 60 Hari + Sosmed 2GB 30 Hari,78975,Paket Data,AXIS,shopee
249,Promo Bronet 24jam 30GB Nat+15GB Sosmed/Chat| 30hr,85600,Paket Data,AXIS,shopee
250,AXIS+ 24Jam 3GB 30hr| 6bln,84750,Paket Data,AXIS,shopee
257,"BRONET 12GB,  60 hari",89880,Paket Data,AXIS,shopee
258,BRONET 24Jam 12GB + Games 2GB 60hr,89475,Paket Data,AXIS,shopee
264,[EKSKLUSIF] BRONET 24 Jam 12GB 60 Hari + Sosmed 2GB 30 Hari,89475,Paket Data,AXIS,shopee
265,OWSEM 80GB  Unlimited Games 30 hari,96000,Paket Data,AXIS,shopee
266,"BRONET 16GB,  60 hari",114700,Paket Data,AXIS,shopee
0,"Internet 1 GB,  1 hari",4500,Paket Data,INDOSAT,shopee
1,Indosat 100MB 30 hari,2775,Paket Data,INDOSAT,shopee
2,Freedom Apps EDU 2GB / 2 Hari,3750,Paket Data,INDOSAT,shopee
3,Internet 1 GB 3 hari,5500,Paket Data,INDOSAT,shopee
4,Indosat 200MB 30 hari,5500,Paket Data,INDOSAT,shopee
5,Yellow 1GB / 2 Hari,5450,Paket Data,INDOSAT,shopee
6,Yellow 1GB / 3 Hari,4940,Paket Data,INDOSAT,shopee
13,Data Kuota 500MB,6200,Paket Data,INDOSAT,shopee
14,Indosat 300MB 30 hari,5100,Paket Data,INDOSAT,shopee
21,"Internet 1 GB,  7 hari",9200,Paket Data,INDOSAT,shopee
22,Yellow 1GB / 7 Hari,10650,Paket Data,INDOSAT,shopee
28,Freedom Apps EDU 6GB / 7 Hari,9750,Paket Data,INDOSAT,shopee
29,Freedom Internet 2.5GB/5Hari,10950,Paket Data,INDOSAT,shopee
30,Indosat 500MB 30 hari,10100,Paket Data,INDOSAT,shopee
38,Paket Nelpon Obrol Sepuasnya ke Sesama 30D,9900,Paket Data,INDOSAT,shopee
44,Freedom Apps FUN 2GB / 7 Hari,11700,Paket Data,INDOSAT,shopee
45,Indosat 700MB 30 hari,11400,Paket Data,INDOSAT,shopee
46,Internet 1 GB 7 hari,11500,Paket Data,INDOSAT,shopee
53,Yellow 1GB / 15 Hari,13300,Paket Data,INDOSAT,shopee
54,Freedom Internet 2.5GB / 5Hari,13800,Paket Data,INDOSAT,shopee
60,Indosat 1GB 30 hari,12150,Paket Data,INDOSAT,shopee
61,Freedom Internet 5GB / 3 Hari,14300,Paket Data,INDOSAT,shopee
62,Freedom Apps EDU 10GB / 15 Hari,14650,Paket Data,INDOSAT,shopee
69,(closed) Freedom Internet 2GB / 30 Hari,16500,Paket Data,INDOSAT,shopee
70,Freedom Internet 5GB/5 Hari,14800,Paket Data,INDOSAT,shopee
76,Freedom U 1GB+2GB Apps / 7 Hari,14900,Paket Data,INDOSAT,shopee
78,Freedom Internet 2GB / 30 Hari,16500,Paket Data,INDOSAT,shopee
86,Freedom Internet 5GB/5 Hari,16850,Paket Data,INDOSAT,shopee
87,Kuota Apps Di Rumah Aja 5GB / 3 Hari,16745,Paket Data,INDOSAT,shopee
95,Freedom Internet 5GB / 5 Hari,18750,Paket Data,INDOSAT,shopee
100,Freedom Kuota Harian 1GB/hari (Total 7GB) / 7 Hari ,19700,Paket Data,INDOSAT,shopee
101,Freedom Apps Entertainment 12Gb/30Hari,19850,Paket Data,INDOSAT,shopee
102,Freedom Apps Games 12Gb/30Hari,19850,Paket Data,INDOSAT,shopee
103,Freedom Internet 3GB / 30 Hari + Bonus Kuota Zona Hingga 2GB,19900,Paket Data,INDOSAT,shopee
110,Freedom Internet 4GB / 30 Hari,19800,Paket Data,INDOSAT,shopee
111,Freedom Internet 7GB / 5 Hari,20450,Paket Data,INDOSAT,shopee
118,Freedom Internet 7GB/7 Hari,19850,Paket Data,INDOSAT,shopee
119,Freedom Internet 3GB / 30 Hari,21750,Paket Data,INDOSAT,shopee
126,Freedom Internet 7GB/7 Hari,21750,Paket Data,INDOSAT,shopee
127,Freedom Internet 7GB / 7 Hari,23700,Paket Data,INDOSAT,shopee
133,Freedom Combo 4GB / 30 Hari + Bonus 300MB,24450,Paket Data,INDOSAT,shopee
134,Freedom Apps EDU 30GB / 30 Hari,24600,Paket Data,INDOSAT,shopee
135,Freedom Apps FUN 6GB / 15 Hari,24600,Paket Data,INDOSAT,shopee
141,Freedom Internet 15GB/3 Hari,24900,Paket Data,INDOSAT,shopee
142,Freedom Internet 4GB / 30 Hari + BONUS 300MB ,24750,Paket Data,INDOSAT,shopee
143,Freedom U 1GB+4.5GB Apps / 30 Hari,24600,Paket Data,INDOSAT,shopee
149,Indosat 2GB 30 hari,24300,Paket Data,INDOSAT,shopee
150,Paket Nelpon Obrol Sepuasnya ke Sesama + 60 menit ke Semua / 30 Hari,24750,Paket Data,INDOSAT,shopee
151,Paket Nelpon Obrol Sepuasnya ke Sesama + 60 menit ke Semua / 30 Hari,25000,Paket Data,INDOSAT,shopee
158,(closed) Freedom U 5.5GB / 30 Hari,30950,Paket Data,INDOSAT,shopee
159,Freedom Internet 15GB/5hr,29600,Paket Data,INDOSAT,shopee
166,Kuota Apps Di Rumah Aja 10GB / 7 Hari,26550,Paket Data,INDOSAT,shopee
167,(closed) Freedom Combo 6 GB / 30 Hari,30600,Paket Data,INDOSAT,shopee
168,Freedom Internet 15GB/5hr,27700,Paket Data,INDOSAT,shopee
174,Freedom Internet 5GB / 30 Hari + Bonus Kuota Zona Hingga 4GB,29800,Paket Data,INDOSAT,shopee
175,Freedom Internet 6.5GB / 30 Hari,34650,Paket Data,INDOSAT,shopee
176,Freedom Combo 6GB / 30 Hari,35550,Paket Data,INDOSAT,shopee
182,Freedom Internet 5.5GB / 30 Hari,33650,Paket Data,INDOSAT,shopee
183,Freedom U 5.5GB / 30 Hari,36550,Paket Data,INDOSAT,shopee
184,Freedom Combo 8GB / 30 Hari + Bonus 500MB,34550,Paket Data,INDOSAT,shopee
191,Indosat 3GB 30 hari,34900,Paket Data,INDOSAT,shopee
192,Freedom Internet 7GB / 30 Hari,36700,Paket Data,INDOSAT,shopee
198,Paket Extra 2GB,35900,Paket Data,INDOSAT,shopee
199,(closed) Freedom Combo 10 GB / 30 Hari,40960,Paket Data,INDOSAT,shopee
200,Freedom U 2GB+7.5GB Apps / 30 Hari,39200,Paket Data,INDOSAT,shopee
205,Freedom Apps FUN 10GB / 30 Hari,39230,Paket Data,INDOSAT,shopee
206,Freedom Kuota Harian 1GB/hari (Total 14GB) / 14 Hari + BONUS 500MB ,39300,Paket Data,INDOSAT,shopee
207,Freedom Internet 10GB / 30 Hari,39200,Paket Data,INDOSAT,shopee
208,Freedom Combo 10GB / 30 Hari,47825,Paket Data,INDOSAT,shopee
215,Freedom Internet 9GB / 30 Hari,46800,Paket Data,INDOSAT,shopee
216,Freedom Play Games 8GB/30hr,44500,Paket Data,INDOSAT,shopee
223,Freedom Play Movies 8GB/30hr,44500,Paket Data,INDOSAT,shopee
224,(closed) Freedom U 10GB / 30 Hari,51250,Paket Data,INDOSAT,shopee
231,Freedom Internet Longlife 8GB / 60 Hari,47250,Paket Data,INDOSAT,shopee
232,Freedom Combo 14GB / 30 Hari + Bonus 1GB,48850,Paket Data,INDOSAT,shopee
238,Freedom Internet 3GB / 30 Hari + Vidio FIFA World Cup,47750,Paket Data,INDOSAT,shopee
239,Freedom Internet 10GB / 30 Hari + BONUS 1GB ,48500,Paket Data,INDOSAT,shopee
240,Freedom Internet 12GB / 30 Hari + Bonus Kuota Zona Hingga 8GB,51500,Paket Data,INDOSAT,shopee
247,Indosat 4GB 30 hari,45400,Paket Data,INDOSAT,shopee
248,Paket Nelpon Obrol Sepuasnya ke Sesama + 250 menit ke Semua / 30 Hari,48850,Paket Data,INDOSAT,shopee
253,Paket Nelpon Obrol Sepuasnya ke Sesama + 250 menit ke Semua / 30 Hari,49000,Paket Data,INDOSAT,shopee
254,Freedom U 10GB / 30 Hari,61150,Paket Data,INDOSAT,shopee
255,Freedom U 3GB+15GB Apps / 30 Hari,58800,Paket Data,INDOSAT,shopee
256,Paket Extra 4GB,51900,Paket Data,INDOSAT,shopee
262,Paket Nelpon Obrol Sepuasnya ke Sesama + 60 menit ke Semua / 30 Hari,55800,Paket Data,INDOSAT,shopee
263,Freedom Combo 20 GB / 30 Hari,62420,Paket Data,INDOSAT,shopee
264,Freedom Combo M 12GB / 30 Hari,64000,Paket Data,INDOSAT,shopee
270,Freedom Internet 18GB / 30 Hari,64500,Paket Data,INDOSAT,shopee
271,Indosat 5GB 30 hari,59900,Paket Data,INDOSAT,shopee
272,Freedom U 5GB+15GB Apps / 30 Hari,62900,Paket Data,INDOSAT,shopee
273,Freedom Combo 20GB / 30 Hari,75100,Paket Data,INDOSAT,shopee
280,Freedom U 20GB / 30 Hari,72170,Paket Data,INDOSAT,shopee
281,Freedom Internet Longlife 12GB / 90 Hari,67000,Paket Data,INDOSAT,shopee
288,Freedom Combo 20GB / 30 Hari + Bonus 3GB,68500,Paket Data,INDOSAT,shopee
289,Freedom Internet 16GB / 30 Hari,72600,Paket Data,INDOSAT,shopee
296,Paket Extra 6GB,69400,Paket Data,INDOSAT,shopee
297,Freedom U 7GB+20GB Apps / 30 Hari,78400,Paket Data,INDOSAT,shopee
302,Freedom Kuota Harian 1GB/hari (Total 28GB) / 28 Hari + BONUS 3GB ,73300,Paket Data,INDOSAT,shopee
303,Freedom Internet 21GB / 30 Hari + BONUS 3GB ,74000,Paket Data,INDOSAT,shopee
304,Freedom U 20GB / 30 Hari,85850,Paket Data,INDOSAT,shopee
305,Freedom Combo 30 GB / 30 Hari,83870,Paket Data,INDOSAT,shopee
312,Freedom Kuota Harian 1GB/hari (Total 28GB) / 28 Hari,88300,Paket Data,INDOSAT,shopee
313,Freedom Internet 24GB / 30 Hari + Bonus Kuota Zona Hingga 16GB,82000,Paket Data,INDOSAT,shopee
320,Freedom Internet 28GB / 30 Hari,85800,Paket Data,INDOSAT,shopee
321,Freedom Play Games 20GB/30hr,84000,Paket Data,INDOSAT,shopee
328,Freedom Play Movies 20GB/30hr,84000,Paket Data,INDOSAT,shopee
329,Freedom Combo 30GB / 30 Hari,97580,Paket Data,INDOSAT,shopee
330,Freedom U 35GB / 30 Hari,93650,Paket Data,INDOSAT,shopee
337,Freedom Internet Longlife 20GB / 60 Hari,89000,Paket Data,INDOSAT,shopee
338,Internet 12 GB 30 hari,89000,Paket Data,INDOSAT,shopee
344,Freedom Combo L 26GB / 30 Hari,94300,Paket Data,INDOSAT,shopee
345,Freedom Internet 25GB / 30 Hari,97500,Paket Data,INDOSAT,shopee
346,Freedom U 10GB+25GB Apps / 30 Hari,97500,Paket Data,INDOSAT,shopee
353,Freedom U 35GB / 30 Hari,109250,Paket Data,INDOSAT,shopee
354,Freedom U 45GB / 30 Hari,105500,Paket Data,INDOSAT,shopee
355,Freedom Combo 30GB / 30 Hari + Bonus 5GB,98500,Paket Data,INDOSAT,shopee
362,Freedom Combo 40 GB / 30 Hari,105800,Paket Data,INDOSAT,shopee
363,Freedom Internet 32GB / 30 Hari + BONUS 5GB ,98500,Paket Data,INDOSAT,shopee
370,Freedom Internet 35GB / 30 Hari + Bonus Kuota Zona Hingga 25GB,102500,Paket Data,INDOSAT,shopee
371,Freedom Internet 44GB / 30 Hari,107300,Paket Data,INDOSAT,shopee
377,Freedom Internet 50GB / 30 Hari,121500,Paket Data,INDOSAT,shopee
378,"[EKSKLUSIF] Freedom 25GB, 30 hari",99000,Paket Data,INDOSAT,shopee
379,Freedom U 45GB / 30 Hari,121950,Paket Data,INDOSAT,shopee
384,Freedom Internet 42GB / 30 Hari,122000,Paket Data,INDOSAT,shopee
385,Freedom Internet 50GB / 30 Hari,120000,Paket Data,INDOSAT,shopee
386,Freedom U 15GB+25GB Apps / 30 Hari,123800,Paket Data,INDOSAT,shopee
387,Freedom Internet Hot Promo 100GB / 30 Hari,134100,Paket Data,INDOSAT,shopee
394,Freedom Internet Longlife 30GB / 90 Hari,123500,Paket Data,INDOSAT,shopee
395,Freedom Internet SENSASI 100GB / 30 Hari,125000,Paket Data,INDOSAT,shopee
402,Freedom XL 41GB / 30 Hari,148000,Paket Data,INDOSAT,shopee
403,Freedom Internet Longlife 36GB / 60 Hari,128500,Paket Data,INDOSAT,shopee
411,Freedom Internet 50GB / 30 Hari,136000,Paket Data,INDOSAT,shopee
412,Freedom Internet 70GB / 30 Hari,140000,Paket Data,INDOSAT,shopee
419,Freedom Combo 50GB / 30 Hari + Bonus 7GB,148000,Paket Data,INDOSAT,shopee
420,Freedom U Jumbo / 30 Hari,148800,Paket Data,INDOSAT,shopee
427,Freedom Combo 60 GB / 30 Hari,161000,Paket Data,INDOSAT,shopee
428,Freedom Internet 100GB / 30 Hari,147000,Paket Data,INDOSAT,shopee
435,Freedom XXL 65GB / 30 Hari,197400,Paket Data,INDOSAT,shopee
436,Promo Freedom Internet 100GB/30hr,159000,Paket Data,INDOSAT,shopee
443,Freedom U Jumbo / 30 Hari,159750,Paket Data,INDOSAT,shopee
444,Freedom Internet 70GB / 30 Hari,180000,Paket Data,INDOSAT,shopee
449,Freedom Internet Longlife 54GB / 90 Hari,178500,Paket Data,INDOSAT,shopee
450,Freedom Combo 50GB / 90 Hari,197500,Paket Data,INDOSAT,shopee
451,Freedom Internet 100GB / 30 Hari,215150,Paket Data,INDOSAT,shopee
452,Freedom Internet 200GB / 30 Hari,200000,Paket Data,INDOSAT,shopee
460,Promo Freedom Internet 150GB/30hr,199000,Paket Data,INDOSAT,shopee
461,Freedom Internet SENSASI 150GB / 30 Hari,214750,Paket Data,INDOSAT,shopee
467,Freedom U 3GB+15GB Apps / 6 Bulan ,248150,Paket Data,INDOSAT,shopee
468,Freedom Internet 100GB / 90 Hari,250000,Paket Data,INDOSAT,shopee
469,Freedom Internet SENSASI 200GB / 30 Hari,268750,Paket Data,INDOSAT,shopee
476,Freedom U 3GB+15GB Apps / 12 Bulan ,445100,Paket Data,INDOSAT,shopee
0,Kuota Snack Video 1.1GB,8700,Paket Data,SMARTFREN,shopee
1,Kuota Sosmed + Chat 1.1 GB,95500,Paket Data,SMARTFREN,shopee
2,Kuota TikTok 1.1 GB,41300,Paket Data,SMARTFREN,shopee
3,Kuota Youtube 1.1 GB,8700,Paket Data,SMARTFREN,shopee
4,Kuota Snack Video 3.5GB,3400,Paket Data,SMARTFREN,shopee
5,Kuota TikTok 3.5 GB,21200,Paket Data,SMARTFREN,shopee
6,Kuota Youtube 3.5 GB,3400,Paket Data,SMARTFREN,shopee
13,Internet Volume 4GB,10800,Paket Data,SMARTFREN,shopee
14,Internet Volume 9GB,16500,Paket Data,SMARTFREN,shopee
21,Kuota Snack Video 8GB,15900,Paket Data,SMARTFREN,shopee
22,Kuota TikTok 8 GB,15900,Paket Data,SMARTFREN,shopee
23,Kuota Youtube 8 GB,15900,Paket Data,SMARTFREN,shopee
30,Internet Volume 6GB,21500,Paket Data,SMARTFREN,shopee
31,Unlimited Harian 1 GB 7 Hari,26900,Paket Data,SMARTFREN,shopee
37,VIU 7 HARI 1GB,8700,Paket Data,SMARTFREN,shopee
38,Internet Volume 18GB,24500,Paket Data,SMARTFREN,shopee
39,Internet Volume 10GB,32000,Paket Data,SMARTFREN,shopee
46,Unlimited Nonstop 6 GB + 2 GB,37500,Paket Data,SMARTFREN,shopee
47,Internet Volume 16GB,42500,Paket Data,SMARTFREN,shopee
54,Unlimited Harian 1 GB 14 Hari,48400,Paket Data,SMARTFREN,shopee
55,Vidio Platinum F1 All Screen 40K,42500,Paket Data,SMARTFREN,shopee
56,VIU 28 HARI 3GB,3400,Paket Data,SMARTFREN,shopee
62,Kuota Nonstop 10GB,44500,Paket Data,SMARTFREN,shopee
63,Unlimited Harian 500MB 28 Hari,48700,Paket Data,SMARTFREN,shopee
64,Unlimited Harian 700 MB 28 Hari,69700,Paket Data,SMARTFREN,shopee
71,Unlimited Nonstop 12GB,53000,Paket Data,SMARTFREN,shopee
72,Vidio Diamond EPL Mobile 57K,61000,Paket Data,SMARTFREN,shopee
78,Kuota 30GB,63500,Paket Data,SMARTFREN,shopee
79,Kuota Nonstop 18GB,64000,Paket Data,SMARTFREN,shopee
80,Smartfren Super 4G Unlimited Bulanan,69400,Paket Data,SMARTFREN,shopee
81,Vidio FIFA World Cup QATAR 22 Mobile,66000,Paket Data,SMARTFREN,shopee
87,Smartfren Super 4G Unlimited Bulanan,69800,Paket Data,SMARTFREN,shopee
88,Smartfren Super 4G Unlimited Bulanan Auto,70000,Paket Data,SMARTFREN,shopee
89,Unlimited 1GB + 1GB 28 Hari,86500,Paket Data,SMARTFREN,shopee
95,Unlimited Harian 700MB (Total 21GB) 30 Hari,73600,Paket Data,SMARTFREN,shopee
96,Unlimited Nonstop 30GB,74000,Paket Data,SMARTFREN,shopee
97,Plan Smartfren Kuota 2L,86500,Paket Data,SMARTFREN,shopee
104,UNS 45 K Vidio FIFA World Cup QATAR 22 Mobile,96500,Paket Data,SMARTFREN,shopee
105,Vidio FIFA World Cup QATAR 22 All screen,99950,Paket Data,SMARTFREN,shopee
106,Kuota 60GB,105000,Paket Data,SMARTFREN,shopee
114,Kuota Nonstop 30GB,98000,Paket Data,SMARTFREN,shopee
115,Unlimited Harian 2GB(Total 60GB) 30 Hari,96000,Paket Data,SMARTFREN,shopee
121,Unlimited Harian 3 GB 28 Hari,107500,Paket Data,SMARTFREN,shopee
122,Vidio Diamond EPL All Screen,3400,Paket Data,SMARTFREN,shopee
123,Unlimited Nonstop 45GB,105000,Paket Data,SMARTFREN,shopee
124,Plan Smartfren Kuota 3L,120500,Paket Data,SMARTFREN,shopee
130,UNS 70 K Vidio FIFA World Cup QATAR 22 Mobile,119900,Paket Data,SMARTFREN,shopee
131,Unlimited Harian 3GB (Total 90GB) 30 Hari,115500,Paket Data,SMARTFREN,shopee
132,Plan Smartfren Kuota 4L,143700,Paket Data,SMARTFREN,shopee
139,Unlimited Nonstop 60GB,131000,Paket Data,SMARTFREN,shopee
140,UNS 100 K Vidio FIFA World Cup QATAR 22 Mobile,149900,Paket Data,SMARTFREN,shopee
141,Kuota 90GB,157000,Paket Data,SMARTFREN,shopee
148,Unlimited Harian 1.75 GB 28 Hari,160500,Paket Data,SMARTFREN,shopee
149,Unlimited Harian 4GB (Total 120GB) 30 Hari,155000,Paket Data,SMARTFREN,shopee
156,UNS 125 K Vidio FIFA World Cup QATAR 22 Mobile,179000,Paket Data,SMARTFREN,shopee
157,Kuota 120GB,209500,Paket Data,SMARTFREN,shopee
163,Unlimited Harian 2 GB 28 HARI,214000,Paket Data,SMARTFREN,shopee
164,Kuota 100GB,297900,Paket Data,SMARTFREN,shopee
165,Kuota 200GB,496264,Paket Data,SMARTFREN,shopee
172,Kuota 420GB,994531,Paket Data,SMARTFREN,shopee
0,Paket Internet OMG 100K (Zona),98100,Paket Data,Telkomsel,shopee
1,Paket Internet OMG 150K (Zona),147900,Paket Data,Telkomsel,shopee
2,Paket Internet OMG 200K (Zona),196000,Paket Data,Telkomsel,shopee
3,Paket Internet OMG 30K (Zona),29800,Paket Data,Telkomsel,shopee
4,Paket Internet OMG 50K (Zona),49800,Paket Data,Telkomsel,shopee
5,Paket Internet OMG 75K (Zona),73700,Paket Data,Telkomsel,shopee
6,Data 5.000,5900,Paket Data,Telkomsel,shopee
12,Data 50MB 7 hari,4900,Paket Data,Telkomsel,shopee
13,GamesMAX Ketengan Harian,5180,Paket Data,Telkomsel,shopee
14,Kuota Telpon 5 Rb (85 Menit Tsel + 15 Menit All 1Hari),6850,Paket Data,Telkomsel,shopee
21,Data 100MB 7 hari,8150,Paket Data,Telkomsel,shopee
22,Data 10.000,10500,Paket Data,Telkomsel,shopee
23,Data 250MB 7 hari,10000,Paket Data,Telkomsel,shopee
30,GamesMAX Ketengan Mingguan,10100,Paket Data,Telkomsel,shopee
31,Internet Harian 10K 1 Hari,9950,Paket Data,Telkomsel,shopee
38,Paket Telepon 200 Menit / 1 Hari (185 Tsel &amp; 15 All),11500,Paket Data,Telkomsel,shopee
39,Kuota Telpon 10 Rb (170 Menit Tsel + 50 Menit All 3Hari),13250,Paket Data,Telkomsel,shopee
40,Data 500MB 15 hari,15350,Paket Data,Telkomsel,shopee
49,GamesMAX Power Weekly FF,15120,Paket Data,Telkomsel,shopee
55,GamesMAX Power Weekly MLBB,15100,Paket Data,Telkomsel,shopee
56,Data 20.000,19800,Paket Data,Telkomsel,shopee
57,GamesMAX Ketengan Bulanan,19950,Paket Data,Telkomsel,shopee
62,Internet Harian 20K 1 Hari,20000,Paket Data,Telkomsel,shopee
63,MAXstream 4GB,20000,Paket Data,Telkomsel,shopee
64,Data 1GB 30 hari,22500,Paket Data,Telkomsel,shopee
66,Data 750MB 7 hari,19500,Paket Data,Telkomsel,shopee
73,"Data GameMAX 3GB, 25.000",24900,Paket Data,Telkomsel,shopee
74,GamesMAX Power Silver FF,24990,Paket Data,Telkomsel,shopee
79,GamesMAX Power Silver MLBB,24990,Paket Data,Telkomsel,shopee
80,Gigamax Fit,24850,Paket Data,Telkomsel,shopee
81,Internet Harian 25K 3 Hari,24875,Paket Data,Telkomsel,shopee
82,Kuota Telpon 20 Rb (350 Menit Tsel + 30 Menit All Opr 7 Hari),23750,Paket Data,Telkomsel,shopee
87,Paket MusicMAX Smule 25.000,24900,Paket Data,Telkomsel,shopee
88,Paket NEW MusicMAX 25.000,25200,Paket Data,Telkomsel,shopee
89,Telkomsel Data 25.000,24850,Paket Data,Telkomsel,shopee
90,Telkomsel Data MAXstream 50.000,49700,Paket Data,Telkomsel,shopee
96,Telkomsel Paket Bicara 25.000,24900,Paket Data,Telkomsel,shopee
97,Paket Telepon 400 Menit / 3 Hari (370 Tsel &amp; 30 All),27500,Paket Data,Telkomsel,shopee
98,Kuota Telpon 25 Rb (550 Menit Tsel + 50 Menit All Opr 7 Hari),28500,Paket Data,Telkomsel,shopee
104,Internet Mingguan 30K,29850,Paket Data,Telkomsel,shopee
105,Internet Harian 40K 3 Hari,39750,Paket Data,Telkomsel,shopee
106,Paket Telepon 600 Menit / 7 Hari (550 Tsel &amp; 50 All),38750,Paket Data,Telkomsel,shopee
112,Telkomsel Paket Bicara 40.000,39700,Paket Data,Telkomsel,shopee
113,Data 2GB 30 hari,45300,Paket Data,Telkomsel,shopee
119,Internet Mingguan 45K,44950,Paket Data,Telkomsel,shopee
120,Vidio FIFA World Cup Qatar 2022 Mobile 49rb,48750,Paket Data,Telkomsel,shopee
121,GamesMAX Power Gold FF,49965,Paket Data,Telkomsel,shopee
122,GamesMAX Power Gold MLBB,49965,Paket Data,Telkomsel,shopee
123,Gigamax Basic,49900,Paket Data,Telkomsel,shopee
131,Telkomsel Data 50.000,49650,Paket Data,Telkomsel,shopee
137,Data 3GB 30 hari,54500,Paket Data,Telkomsel,shopee
138,Paket Internet OMG 55K (Zona),55000,Paket Data,Telkomsel,shopee
139,Kuota Telpon 50 Rb (1000 Menit Tsel + 100 Menit All Opr 30 Hari ),58750,Paket Data,Telkomsel,shopee
145,Paket Telepon 1300 Menit / 15 Hari (1200 Tsel &amp; 100 All),59750,Paket Data,Telkomsel,shopee
146,Paket Internet Bulanan OMG + Vidio 65K,64750,Paket Data,Telkomsel,shopee
147,Up to 4.5GB + 2GB OMG,67600,Paket Data,Telkomsel,shopee
154,GamesMAX Power Diamond FF,74790,Paket Data,Telkomsel,shopee
155,GamesMAX Power Diamond MLBB,74690,Paket Data,Telkomsel,shopee
161,Paket Internet OMG 75K (Zona),74450,Paket Data,Telkomsel,shopee
162,Paket Telepon 2100 Menit / 30 Hari (2000 Tsel &amp; 100 All),81100,Paket Data,Telkomsel,shopee
163,Data 8GB,84700,Paket Data,Telkomsel,shopee
169,Paket Internet Bulanan OMG + Vidio 85K,84750,Paket Data,Telkomsel,shopee
170,Vidio FIFA World Cup Qatar 2022 88rb,87500,Paket Data,Telkomsel,shopee
171,Data 4GB 30 hari,91000,Paket Data,Telkomsel,shopee
177,Vidio FIFA World Cup Qatar 2022 98rb,97700,Paket Data,Telkomsel,shopee
178,Data 12GB,97500,Paket Data,Telkomsel,shopee
179,Data 5GB 30 hari,100000,Paket Data,Telkomsel,shopee
186,Internet Combo 10GB,97500,Paket Data,Telkomsel,shopee
187,MAXstream Gala 24GB,99300,Paket Data,Telkomsel,shopee
188,Telkomsel Data MAXstream 100.000,97700,Paket Data,Telkomsel,shopee
195,Telkomsel Paket Bicara 105.000,104900,Paket Data,Telkomsel,shopee
196,Paket Internet OMG 110K (Zona),109000,Paket Data,Telkomsel,shopee
202,Kuota Telpon 100 Rb (2250 Menit Tsel + 250 Menit All Opr 30 Hari ),115000,Paket Data,Telkomsel,shopee
203,Paket Internet Bulanan OMG + Vidio 120K,119950,Paket Data,Telkomsel,shopee
204,Paket Telepon 6500 Menit / 30 Hari (6250 Menit &amp; 250 All),130500,Paket Data,Telkomsel,shopee
205,Data 8GB 30 hari,140500,Paket Data,Telkomsel,shopee
212,Internet RoaMAX Qatar 150rb,133500,Paket Data,Telkomsel,shopee
213,MAXstream Gala 40GB,148700,Paket Data,Telkomsel,shopee
220,Telkomsel Data MAXstream 150.000,146800,Paket Data,Telkomsel,shopee
221,Paket Internet OMG 160K (Zona),158500,Paket Data,Telkomsel,shopee
228,Paket Internet Bulanan OMG + Vidio 170K,169550,Paket Data,Telkomsel,shopee
229,Up to 50GB + 2GB MAXStream,194900,Paket Data,Telkomsel,shopee
236,Paket Internet OMG 210K (Zona),210000,Paket Data,Telkomsel,shopee
237,Paket Internet Bulanan OMG + Vidio 220K,219750,Paket Data,Telkomsel,shopee
244,Data 300.000,297000,Paket Data,Telkomsel,shopee
245,Internet RoaMAX Qatar 300rb,268700,Paket Data,Telkomsel,shopee
0,Happy 1.5GB 1 hari + Kuota Lokal 0.5GB,3825,Paket Data,three,shopee
1,Mix Small 2.5GB,4950,Paket Data,three,shopee
2,Mix Small 3GB,4950,Paket Data,three,shopee
3,Mix Small 5GB,4950,Paket Data,three,shopee
4,Rahmat (Ramadan Hemat) 3GB 1 hari,4700,Paket Data,three,shopee
5,Happy 2.5GB 1 hari + Kuota Lokal 0.5GB,5025,Paket Data,three,shopee
6,Happy 2GB 1 Hari,5050,Paket Data,three,shopee
13,Happy 2GB 1 hari + Kuota Lokal 0.5GB,5200,Paket Data,three,shopee
14,Happy 2.5GB 1 hari + Kuota Lokal 0.5GB,5400,Paket Data,three,shopee
15,Happy 2GB 1 hari + Kuota Lokal 0.5GB,5680,Paket Data,three,shopee
23,Happy 1GB,6150,Paket Data,three,shopee
24,Happy 1GB 3 Hari,6550,Paket Data,three,shopee
30,Happy 2.5GB 1 hari + Kuota Lokal 0.5GB,6300,Paket Data,three,shopee
31,H3RO 12 Diamonds MLBB + 1GB,7600,Paket Data,three,shopee
32,Happy 1.5GB 7 hari + Kuota Lokal 1GB,8575,Paket Data,three,shopee
39,Happy 1.5GB 7 hari + Kuota Lokal 1GB,9400,Paket Data,three,shopee
40,Happy 3GB 2 Hari,9900,Paket Data,three,shopee
47,Happy 5GB 1 hari + Kuota Lokal 2GB,9525,Paket Data,three,shopee
48,Happy UL2GB (1GB + Unlimited YouTube),9500,Paket Data,three,shopee
49,Mix Small 2.75GB,9900,Paket Data,three,shopee
55,Happy 1.5GB 7 hari + Kuota Lokal 0.5GB,10340,Paket Data,three,shopee
56,Happy 3GB 2 hari,10700,Paket Data,three,shopee
57,Happy 3GB 3 hari + Kuota Lokal 1GB,10475,Paket Data,three,shopee
58,Happy 5GB 1 hari + Kuota Lokal 2GB,10450,Paket Data,three,shopee
64,Mix Small 2.75GB,10900,Paket Data,three,shopee
65,Happy 2GB,11900,Paket Data,three,shopee
66,Happy 3GB 2 hari + Kuota Lokal 1GB,11670,Paket Data,three,shopee
72,Happy 3GB 3 hari + Kuota Lokal 1GB,11200,Paket Data,three,shopee
73,Happy 5GB 1 hari + Kuota Lokal 1.5GB,11200,Paket Data,three,shopee
74,Mix Small 2.75GB,11890,Paket Data,three,shopee
75,Happy 3GB 3 hari + Kuota Lokal 1GB,12600,Paket Data,three,shopee
82,(closed) AON 3GB,13850,Paket Data,three,shopee
83,(closed) AON 3GB,13975,Paket Data,three,shopee
84,Happy 3GB,14200,Paket Data,three,shopee
91,Happy 3GB 30 hari,14275,Paket Data,three,shopee
92,Happy 5GB 3 hari + Kuota Lokal 2GB,14275,Paket Data,three,shopee
98,Paket Bebas Bicara 60 Menit,14799,Paket Data,three,shopee
99,AON 2.5GB + Kuota Lokal 1.5GB,15025,Paket Data,three,shopee
100,AON 3GB,14800,Paket Data,three,shopee
107,Happy 3GB 7 Hari,14450,Paket Data,three,shopee
108,Happy 5GB 3 hari + Kuota Lokal 2GB,15400,Paket Data,three,shopee
109,Happy 3.5GB 5 hari + Kuota Lokal 2.5GB,16650,Paket Data,three,shopee
115,Happy 5GB 3 hari + Kuota Lokal 1.5GB,16800,Paket Data,three,shopee
116,(closed) AON 4GB,17900,Paket Data,three,shopee
117,Keep ON 3GB + VIU 3 Hari,20000,Paket Data,three,shopee
123,Happy 3.5GB 5 hari + Kuota Lokal 1GB,18000,Paket Data,three,shopee
124,(closed) AON 4GB,18825,Paket Data,three,shopee
125,AON 3GB + Kuota Lokal 1.5GB,19400,Paket Data,three,shopee
132,Cicilan 13GB Rp 60RB (Cicil 4x),19800,Paket Data,three,shopee
133,Cicilan 13GB Rp60RB (Cicil 4X),19700,Paket Data,three,shopee
140,Happy 5GB 7 hari + Kuota Lokal 3GB,19025,Paket Data,three,shopee
141,Mix Small 3GB,19610,Paket Data,three,shopee
146,Rahmat (Ramadan Hemat) 30GB 7 hari,18700,Paket Data,three,shopee
147,AON 3.5GB + Kuota Lokal 3GB,19525,Paket Data,three,shopee
148,AON 4GB,19050,Paket Data,three,shopee
149,Happy 6GB 5 hari + Kuota Lokal 3GB,19975,Paket Data,three,shopee
156,AON 3GB + Kuota Lokal 1.5GB,21200,Paket Data,three,shopee
157,Happy 3.5GB 30 hari + Kuota Lokal 2.5GB,20550,Paket Data,three,shopee
164,Happy 5GB 7 hari + Kuota Lokal 3GB,20550,Paket Data,three,shopee
165,AON 3GB + Kuota Lokal 1GB,22170,Paket Data,three,shopee
171,Happy 3.5GB 30 hari + Kuota Lokal 1GB,21490,Paket Data,three,shopee
172,Happy 5GB 7 hari + Kuota Lokal 1.5GB,22420,Paket Data,three,shopee
173,AON 4GB + Kuota Lokal 2.5GB,24000,Paket Data,three,shopee
180,Cicilan 18GB Rp 80RB (Cicil 4x),24800,Paket Data,three,shopee
181,Cicilan 18GB Rp80RB (Cicil 4X),24550,Paket Data,three,shopee
188,Happy 5GB,24750,Paket Data,three,shopee
189,Mix Small 3.75GB,24510,Paket Data,three,shopee
190,AON 4GB + Kuota Lokal 2.5GB,25900,Paket Data,three,shopee
197,Happy 9GB 5 hari + Kuota Lokal 1GB,25650,Paket Data,three,shopee
198,(closed) AON 6GB,26950,Paket Data,three,shopee
204,AON 4GB + Kuota Lokal 1GB,27820,Paket Data,three,shopee
205,Keep ON 5GB + VIU 7 Hari,28600,Paket Data,three,shopee
206,(closed) AON 6GB,28250,Paket Data,three,shopee
213,Cicilan 23GB Rp 100RB (Cicil 4x),29800,Paket Data,three,shopee
214,Cicilan 23GB Rp100RB (Cicil 4X),29800,Paket Data,three,shopee
215,H3RO Max,28000,Paket Data,three,shopee
222,Happy 7GB 30 hari + Kuota Lokal 4GB + TikTok 5GB,28525,Paket Data,three,shopee
223,Happy 9GB 5 hari + Kuota Lokal 3GB,28200,Paket Data,three,shopee
230,KeepOn 5GB + KlikFilm,29500,Paket Data,three,shopee
231,Paket Bebas Bicara 150 Menit,29500,Paket Data,three,shopee
236,(closed) AON 6GB,28550,Paket Data,three,shopee
237,AON 6GB + Kuota Lokal 4GB,28550,Paket Data,three,shopee
238,Happy 7GB 30 hari + Kuota Lokal 4GB,29850,Paket Data,three,shopee
239,Mix Kuota ++ 1.25GB,33300,Paket Data,three,shopee
246,H3RO 85 Diamonds MLBB + 5GB,33000,Paket Data,three,shopee
247,Happy 7GB 30 hari + Kuota Lokal 2GB + Nelpon ke Tri &amp; IM3,32650,Paket Data,three,shopee
253,Mix Combo 2GB + 20 mnt,35000,Paket Data,three,shopee
254,Happy 10GB 10 hari + Kuota Lokal 4GB,36200,Paket Data,three,shopee
255,(closed) AON 12GB,36500,Paket Data,three,shopee
262,(closed) AON 12GB,37700,Paket Data,three,shopee
263,AON 7GB + Kuota Lokal 4GB,38200,Paket Data,three,shopee
264,Happy 10GB 10 hari + Kuota Lokal 3GB,39200,Paket Data,three,shopee
270,AON 7GB + Kuota Lokal 4GB,41200,Paket Data,three,shopee
271,(closed) AON 12GB,38100,Paket Data,three,shopee
272,AON 9GB + Kuota Lokal 6GB,40025,Paket Data,three,shopee
279,Happy 11GB 30 hari + Kuota Lokal 6GB + TikTok 5GB,42775,Paket Data,three,shopee
280,[PROMO] Tri MAU 3GB,34900,Paket Data,three,shopee
287,AON 7GB + Kuota Lokal 2GB + Nelpon ke Tri &amp; IM3,44070,Paket Data,three,shopee
288,(closed) AON 16GB,45000,Paket Data,three,shopee
289,(closed) AON 16GB,47150,Paket Data,three,shopee
296,(closed) Happy 12GB,48500,Paket Data,three,shopee
297,AddOn 12GB,47339,Paket Data,three,shopee
304,AON 10GB + Kuota Lokal 6GB,47700,Paket Data,three,shopee
305,Kuota 10GB + Genflix 30 hari,49500,Paket Data,three,shopee
306,Mix Kuota ++ 2.25GB,50000,Paket Data,three,shopee
314,Mix Super 10GB,49100,Paket Data,three,shopee
321,Paket Bebas Bicara 250 Menit,49100,Paket Data,three,shopee
322,Tri MAU 12GB,49500,Paket Data,three,shopee
324,Kuota 10GB + Klikfilm 30 hari,49350,Paket Data,three,shopee
325,AddOn 12GB,51000,Paket Data,three,shopee
326,AON 10GB + Kuota Lokal 6GB,51600,Paket Data,three,shopee
327,(closed) AON 16GB,50500,Paket Data,three,shopee
328,(closed) AON Unlimited 26GB,59900,Paket Data,three,shopee
329,AON 12GB + Kuota Lokal 8GB,51050,Paket Data,three,shopee
330,Happy 12GB,53000,Paket Data,three,shopee
336,Happy 13GB 30 hari + Kuota Lokal 6GB,51350,Paket Data,three,shopee
337,Happy 14GB 30 hari + Kuota Lokal 10GB + TikTok 5GB,52275,Paket Data,three,shopee
338,AddOn 12GB,54770,Paket Data,three,shopee
343,AON 10GB + Kuota Lokal 3GB + Nelpon ke Tri &amp; IM3,55420,Paket Data,three,shopee
344,Happy 13GB 30 hari + Kuota Lokal 4GB + Nelpon ke Tri &amp; IM3,54200,Paket Data,three,shopee
345,AON 14GB + Kuota Lokal 7GB,57300,Paket Data,three,shopee
346,Happy 14GB 30 hari + Kuota Lokal 10GB,56900,Paket Data,three,shopee
352,Happy 18GB,57600,Paket Data,three,shopee
353,Happy 18GB 30 hari + Kuota Lokal 10GB + TikTok 5GB,57025,Paket Data,three,shopee
354,Keep ON 8.5GB + VIU 30 Hari,59350,Paket Data,three,shopee
362,Happy 14GB 30 hari + Kuota Lokal 4GB + Nelpon ke Tri &amp; IM3,58800,Paket Data,three,shopee
363,AON 14GB + Kuota Lokal 7GB,62200,Paket Data,three,shopee
370,H3RO 170 Diamonds MLBB + 10GB,61500,Paket Data,three,shopee
371,Kuota 10GB + Viu 30 hari ,64280,Paket Data,three,shopee
378,(closed) AON UL 26GB,63250,Paket Data,three,shopee
379,AON 14GB + Kuota Lokal 4GB + Nelpon ke Tri &amp; IM3,66030,Paket Data,three,shopee
385,Happy 18GB,67500,Paket Data,three,shopee
386,Happy 30GB 30 hari + Kuota Lokal 10GB + TikTok 5GB,66525,Paket Data,three,shopee
387,[PROMO] Tri MAU 15GB,59900,Paket Data,three,shopee
394,(closed) AON 26GB UL,68700,Paket Data,three,shopee
395,AON Unlimited 26GB,69375,Paket Data,three,shopee
396,AddOn 32GB,71300,Paket Data,three,shopee
403,Happy 30GB 30 hari + Kuota Lokal 10GB,70000,Paket Data,three,shopee
404,Mix Combo 32GB + 30 mnt,73510,Paket Data,three,shopee
411,Happy UL 52GB,74500,Paket Data,three,shopee
412,(closed) AON Unlimited 30GB,80000,Paket Data,three,shopee
419,AON Unlimited 26GB,76500,Paket Data,three,shopee
420,Happy 30GB 30 hari + Kuota Lokal 10GB + Nelpon ke Tri &amp; IM3,74670,Paket Data,three,shopee
426,Happy 26GB,79300,Paket Data,three,shopee
427,Happy UL 52GB,77800,Paket Data,three,shopee
428,AON Unlimited 26GB + Nelpon ke Tri &amp; IM3,80620,Paket Data,three,shopee
435,AddOn 38GB,81250,Paket Data,three,shopee
436,Happy 42GB 30 hari + Kuota Lokal 8GB + TikTok 5GB,80775,Paket Data,three,shopee
443,(closed) AON UL 30GB,82950,Paket Data,three,shopee
444,Happy UL 22GB 30 hari + YT/Viu/Netflix 30GB + Nelpon ke Tri &amp; IM3,82800,Paket Data,three,shopee
450,(closed) AON 32GB,86800,Paket Data,three,shopee
451,Happy 42GB 30 hari + Kuota Lokal 8GB,84500,Paket Data,three,shopee
452,Mix Combo 38GB + 30mnt,89400,Paket Data,three,shopee
457,Mix Super 24GB,88650,Paket Data,three,shopee
458,[PROMO] Tri MAU 20GB,69900,Paket Data,three,shopee
459,Happy 25GB,91000,Paket Data,three,shopee
460,AON 30GB UL,92800,Paket Data,three,shopee
466,(closed) AON 32GB,94500,Paket Data,three,shopee
467,AON 40GB + Kuota Lokal 10GB,95050,Paket Data,three,shopee
468,AON 40GB + Kuota Lokal 10GB,95100,Paket Data,three,shopee
475,H3RO 296 diamonds MLBB + 25GB + Ekstra  28 diamonds MLBB,94500,Paket Data,three,shopee
476,Happy 42GB 30 hari + Nelpon ke Tri &amp; IM3,93730,Paket Data,three,shopee
477,Mix Super 30GB,98300,Paket Data,three,shopee
484,AON 40GB + Kuota Lokal 10GB,101500,Paket Data,three,shopee
485,(closed) AON Unlimited 36GB,104924,Paket Data,three,shopee
492,Happy 45GB,105800,Paket Data,three,shopee
493,Happy 50GB 30 hari + Kuota Lokal 14GB,105000,Paket Data,three,shopee
494,Happy 55GB 30 hari + Kuota Lokal 15GB + TikTok 5GB,106050,Paket Data,three,shopee
501,AON 40GB + Kuota Lokal 12GB + Nelpon ke Tri &amp; IM3,109150,Paket Data,three,shopee
502,Happy 50GB 30 hari + Nelpon ke Tri &amp; IM3,109540,Paket Data,three,shopee
508,MovieMax 30GB + Genflix,113500,Paket Data,three,shopee
509,MovieMax 30GB + KlikFilm,113500,Paket Data,three,shopee
510,MovieMax 30GB + Viu,113500,Paket Data,three,shopee
517,Home 117GB,112000,Paket Data,three,shopee
518,AON 36GB UL,114300,Paket Data,three,shopee
525,Home 120GB,112950,Paket Data,three,shopee
526,Home 117GB,118900,Paket Data,three,shopee
533,Home 60GB,120000,Paket Data,three,shopee
534,Happy 100GB,131500,Paket Data,three,shopee
541,Happy 100GB 30 Hari + Kuota Lokal 20GB + TikTok 5GB,131050,Paket Data,three,shopee
542,Happy 130GB 30 hari + Kuota Lokal 20GB + TikTok 5GB,138000,Paket Data,three,shopee
549,Happy 130GB 30 hari,142600,Paket Data,three,shopee
550,Happy 75GB 30 hari + Nelpon ke Tri &amp; IM3,144190,Paket Data,three,shopee
551,Home 150GB,143000,Paket Data,three,shopee
558,Home 150GB,141250,Paket Data,three,shopee
559,Happy 100GB 30 hari + Kuota Lokal 20GB,200000,Paket Data,three,shopee
560,Happy 100GB 30 hari + Nelpon ke Tri &amp; IM3,199870,Paket Data,three,shopee
566,Happy 130GB 30 hari,250000,Paket Data,three,shopee
567,Happy 130GB 30 hari + Nelpon ke Tri &amp; IM3,249970,Paket Data,three,shopee
0,XTRA Combo Lite 13GB,62000,Paket Data,XL,shopee
1,XTRA Combo Lite 25GB,99000,Paket Data,XL,shopee
2,XTRA Combo Lite 37GB,119500,Paket Data,XL,shopee
3,XTRA Combo Lite 4.5GB,27500,Paket Data,XL,shopee
4,XTRA Combo Lite 7GB,39000,Paket Data,XL,shopee
5,XTRA Combo VIP 20GB+20GB &amp; XTRA Kuota TikTok 2GB,185000,Paket Data,XL,shopee
6,XTRA Combo VIP 20GB+20GB &amp; XTRA Kuota Viu 5GB,185000,Paket Data,XL,shopee
13,XTRA Combo VIP 35GB+35GB &amp; XTRA Kuota TikTok 2GB,241000,Paket Data,XL,shopee
14,XTRA Combo VIP 35GB+35GB &amp; XTRA Kuota Viu 5GB,241000,Paket Data,XL,shopee
21,"Xtra Edukasi 2GB, 1hr",1300,Paket Data,XL,shopee
22,"Xtra Conference 2GB, 1hr",2300,Paket Data,XL,shopee
29,"Xtra Edukasi 5GB, 3hr",2800,Paket Data,XL,shopee
30,Blue 1GB| 2hr,4750,Paket Data,XL,shopee
36,"Xtra Conference 5GB, 3hr",4300,Paket Data,XL,shopee
37,"Hotrod 500MB, 7hari",4950,Paket Data,XL,shopee
38,Kuota 100MB| 1hr + Voucher Steam Wallet 6rb,7100,Paket Data,XL,shopee
46,"Xtra Edukasi 15GB, 7hr",7970,Paket Data,XL,shopee
47,Blue 3GB| 2hr,9450,Paket Data,XL,shopee
54,Hotrod 1GB / 7 hari,9000,Paket Data,XL,shopee
55,Kuota 100MB| 1hr + Voucher Steam Wallet 8rb,9950,Paket Data,XL,shopee
56,"Hotrod 1.5GB, 3hari",8950,Paket Data,XL,shopee
63,"Xtra Kuota 30GB,  30 hari",11900,Paket Data,XL,shopee
64,"AnyNet 400Mnt,  7 hari",11400,Paket Data,XL,shopee
71,"Xtra Conference 15GB, 7hr",10300,Paket Data,XL,shopee
72,Xtra Hotrod Special 2GB| 7hr,11500,Paket Data,XL,shopee
78,Xtra Combo Flex S 1.5GB 30 Hari,19000,Paket Data,XL,shopee
79,Xtra Hotrod Special S| 7hr,16250,Paket Data,XL,shopee
80,Xtra Hotrod Special 3GB| 7hr,14550,Paket Data,XL,shopee
87,Xtra ON 1GB,14450,Paket Data,XL,shopee
88,Kuota 250MB| 1hr + Voucher Steam Wallet 12rb,14900,Paket Data,XL,shopee
96,Xtra Hotrod Special M| 7hr,19050,Paket Data,XL,shopee
102,Xtra Hotrod Special 4.5GB| 7hr,19550,Paket Data,XL,shopee
104,"Hotrod 2GB, 7hari",16950,Paket Data,XL,shopee
111,Xtra Hotrod Special L| 7hr,25720,Paket Data,XL,shopee
112,Data 1GB / 30 hari,25100,Paket Data,XL,shopee
118,Xtra Hotrod Special 6.5GB| 7hr,24550,Paket Data,XL,shopee
119,Xtra ON 2GB,23250,Paket Data,XL,shopee
127,Xtra Hotrod Special XL| 7hr,33400,Paket Data,XL,shopee
128,"Hotrod 3GB, 7hari",23250,Paket Data,XL,shopee
129,Xtra Combo Flex S+ 3GB + Kuota Area Hingga 7GB + Bonus Flex,30360,Paket Data,XL,shopee
136,"HotRod 24Jam 30hr,  800MB",28500,Paket Data,XL,shopee
137,XTRA Bicara Nelpon &amp; Internet,28875,Paket Data,XL,shopee
144,Xtra Combo Flex M 4GB 30 Hari,38750,Paket Data,XL,shopee
145,Xtra Hotrod Special XL| 7hr,32600,Paket Data,XL,shopee
152,"XTRA Bicara Nelpon,  SMS &amp; Internet",34230,Paket Data,XL,shopee
153,Xtra Combo Flex S+| 30hr,33160,Paket Data,XL,shopee
160,Xtra Combo Flex M 5GB + Kuota Area Hingga 10GB + Bonus Flex,40590,Paket Data,XL,shopee
161,"AnyNet 150Mnt,  30 hari",37900,Paket Data,XL,shopee
162,Xtra Combo Flex 4GB+Kuota Area s/d 1.5GB+Bonus Flex,42950,Paket Data,XL,shopee
169,Xtra Combo Flex L 9GB 30 Hari,58500,Paket Data,XL,shopee
170,Xtra Combo Flex M| 30hr,46000,Paket Data,XL,shopee
176,"HotRod 24Jam 30hr,  1.5GB",47500,Paket Data,XL,shopee
177,Xtra Combo Flex M+| 30hr,47790,Paket Data,XL,shopee
178,Xtra Combo Flex L 9GB + Kuota Area Hingga 18GB + Bonus Flex,61950,Paket Data,XL,shopee
185,XTRA Combo 5GB + 10GB + Bonus Pulsa 10.000,56000,Paket Data,XL,shopee
186,XTRA Combo 5GB + 10GB + Bonus Pulsa 2.000,58000,Paket Data,XL,shopee
192,Xtra Combo Double Youtube 5GB+10GB,57200,Paket Data,XL,shopee
193,"AnyNet 250Mnt,  30 hari",57500,Paket Data,XL,shopee
194,"HotRod 24Jam 30hr,  3GB",56840,Paket Data,XL,shopee
201,Akrab 28GB| 2 Anggota| 30 Hari,59550,Paket Data,XL,shopee
202,Paket Akrab 28GB + Bonus Pulsa 10.000,61000,Paket Data,XL,shopee
203,Paket Akrab 28GB + Bonus Pulsa 2.000,60900,Paket Data,XL,shopee
209,Xtra Combo Flex 10GB+Kuota Area s/d 14GB+Bonus Flex,61750,Paket Data,XL,shopee
210,Kuota 1GB| 3hr + Voucher Steam Wallet 45rb,52700,Paket Data,XL,shopee
211,Xtra Combo Flex XL 15GB 30 Hari,82700,Paket Data,XL,shopee
218,XTRA Combo VIP 5GB + 10GB + Bonus Pulsa 10.000,68000,Paket Data,XL,shopee
219,XTRA Combo VIP 5GB + 10GB + Bonus Pulsa 2.000,65700,Paket Data,XL,shopee
225,Xtra Combo VIP Double Youtube 5GB+10GB,65575,Paket Data,XL,shopee
226,Xtra Combo Flex L| 30hr,70950,Paket Data,XL,shopee
227,"AnyNet 325Mnt,  30 hari",71500,Paket Data,XL,shopee
232,XTRA Combo VIP 5GB+5GB + Nelpon 30 Menit,74170,Paket Data,XL,shopee
233,Xtra Combo Flex L+| 30hr,75000,Paket Data,XL,shopee
234,Xtra Combo Flex XL 15GB + Kuota Area Hingga 30GB + Bonus Flex,87500,Paket Data,XL,shopee
235,Kuota 1GB| 3hr + Voucher Steam Wallet 60rb,69620,Paket Data,XL,shopee
242,XTRA Combo 10GB + 20GB + Bonus Pulsa 20.000,88000,Paket Data,XL,shopee
243,XTRA Combo 10GB + 20GB + Bonus Pulsa 5.000,88000,Paket Data,XL,shopee
250,Xtra Combo Double Youtube 10GB+20GB,85500,Paket Data,XL,shopee
251,Xtra Combo Flex 20GB+Kuota Area s/d 22GB+Bonus Flex,90150,Paket Data,XL,shopee
257,XTRA Combo VIP 10GB + 20GB + Bonus Pulsa 20.000,98000,Paket Data,XL,shopee
258,XTRA Combo VIP 10GB + 20GB + Bonus Pulsa 5.000,98000,Paket Data,XL,shopee
259,XTRA Combo VIP 10GB+10GB &amp; Free Fire 10GB,98700,Paket Data,XL,shopee
266,XTRA Combo VIP 10GB+10GB + Instagram 2GB,98700,Paket Data,XL,shopee
267,XTRA Combo VIP 10GB+10GB + Joox 10GB,98620,Paket Data,XL,shopee
274,XTRA Combo VIP 10GB10GB  Mobile Legends 10GB,98700,Paket Data,XL,shopee
275,Xtra Combo VIP Double Youtube 10GB+20GB,92907,Paket Data,XL,shopee
281,"AnyNet 300Mnt,  90 hari",95000,Paket Data,XL,shopee
282,"HotRod 24Jam 30hr,  6GB",97250,Paket Data,XL,shopee
283,Xtra Combo Flex XL| 30hr,94100,Paket Data,XL,shopee
290,Xtra Combo Flex XXL 26GB 30 Hari,113500,Paket Data,XL,shopee
291,XTRA Combo VIP 10GB+10GB + Nelpon 30 Menit,102070,Paket Data,XL,shopee
298,XTRA Combo VIP 10GB+10GB + Netflix 5GB,102300,Paket Data,XL,shopee
299,Xtra Combo Flex XXL 30GB + Kuota Area Hingga 60GB + Bonus Flex,119000,Paket Data,XL,shopee
306,Xtra Combo Flex XXXL 36GB 30 Hari,140200,Paket Data,XL,shopee
307,Kuota 2GB| 3hr + Voucher PlayStation Store Cash Cards (ID) 100rb,120750,Paket Data,XL,shopee
313,Akrab 63GB| 2 Anggota| 30 Hari,119073,Paket Data,XL,shopee
314,Kuota 2GB| 3hr + Voucher Steam Wallet 90rb,102850,Paket Data,XL,shopee
315,Paket Akrab 63GB + Bonus Pulsa 20.000,123000,Paket Data,XL,shopee
322,Paket Akrab 63GB + Bonus Pulsa 5.000,123000,Paket Data,XL,shopee
323,XTRA Combo 15GB + 30GB + Bonus Pulsa 10.000,128000,Paket Data,XL,shopee
330,XTRA Combo 15GB + 30GB + Bonus Pulsa 30.000,128000,Paket Data,XL,shopee
331,Xtra Combo Double Youtube 15GB+30GB,126250,Paket Data,XL,shopee
332,"HotRod 24Jam 30hr,  8GB",124900,Paket Data,XL,shopee
338,Xtra Combo Flex 35GB+Kuota Area s/d 40GB+Bonus Flex,127950,Paket Data,XL,shopee
339,Xtra Combo Flex XXXL 60GB + Kuota Area Hingga 120GB + Bonus Flex,145950,Paket Data,XL,shopee
340,XTRA Combo VIP 15GB + 30GB + Bonus Pulsa 10.000,138000,Paket Data,XL,shopee
347,XTRA Combo VIP 15GB + 30GB + Bonus Pulsa 30.000,138000,Paket Data,XL,shopee
348,XTRA Combo VIP 15GB+15GB &amp; XTRA Kuota Viu 5GB,138000,Paket Data,XL,shopee
355,XTRA Combo VIP 15GB+15GB + Instagram 2GB,138600,Paket Data,XL,shopee
356,Xtra Combo VIP Double Youtube 15GB+30GB,135850,Paket Data,XL,shopee
357,[Eksklusif] XTRA Combo VIP 15GB+15GB &amp; Free Fire 10GB,137610,Paket Data,XL,shopee
364,[Eksklusif] XTRA Combo VIP 15GB+15GB + Joox 10GB,137650,Paket Data,XL,shopee
365,[Eksklusif] XTRA Combo VIP 15GB+15GB + Mobile Legends 10GB,137650,Paket Data,XL,shopee
372,"AnyNet 500Mnt,  30 hari",137080,Paket Data,XL,shopee
373,Xtra Combo Flex XXL| 30hr,133000,Paket Data,XL,shopee
380,XTRA Combo VIP 15GB+15GB + Nelpon 30 Menit,140000,Paket Data,XL,shopee
381,XTRA Combo VIP 15GB+15GB + Netflix 5GB,140000,Paket Data,XL,shopee
382,"AnyNet 500Mnt,  90 hari",146600,Paket Data,XL,shopee
389,Kuota 2GB| 3hr + Voucher Steam Wallet 120rb,137120,Paket Data,XL,shopee
390,Xtra Combo Flex XXXL| 30hr,158000,Paket Data,XL,shopee
395,XTRA Combo 20GB + 40GB + Bonus Pulsa 15.000,178000,Paket Data,XL,shopee
396,XTRA Combo 20GB + 40GB + Bonus Pulsa 40.000,178000,Paket Data,XL,shopee
397,Xtra Combo Double Youtube 20GB+40GB,171596,Paket Data,XL,shopee
398,Xtra Combo VIP Double Youtube 20GB+40GB,177368,Paket Data,XL,shopee
404,"HotRod 24Jam 30hr,  12GB",170000,Paket Data,XL,shopee
405,Xtra Combo Flex 48GB+Kuota Area s/d 67GB+Bonus Flex,175950,Paket Data,XL,shopee
406,XTRA Combo VIP 20GB + 40GB + Bonus Pulsa 15.000,188000,Paket Data,XL,shopee
414,XTRA Combo VIP 20GB + 40GB + Bonus Pulsa 40.000,188000,Paket Data,XL,shopee
415,XTRA Combo VIP 20GB+20GB &amp; XTRA Kuota Free Fire 10GB| 30hr| 189rb,184100,Paket Data,XL,shopee
422,XTRA Combo VIP 20GB+20GB &amp; XTRA Kuota Instagram 2GB| 30hr| 189rb,184070,Paket Data,XL,shopee
423,XTRA Combo VIP 20GB+20GB &amp; XTRA Kuota Joox 10GB| 30hr| 189rb,184070,Paket Data,XL,shopee
430,XTRA Combo VIP 20GB+20GB &amp; XTRA Kuota Mobile Legend 10GB| 30hr| 189rb,184100,Paket Data,XL,shopee
431,XTRA Combo VIP 20GB+20GB + Nelpon 30 Menit,186000,Paket Data,XL,shopee
437,Akrab 144GB| 3 Anggota| 30 Hari,194755,Paket Data,XL,shopee
438,Paket Akrab 144GB + Bonus Pulsa 10.000,204000,Paket Data,XL,shopee
439,Paket Akrab 144GB + Bonus Pulsa 40.000,204000,Paket Data,XL,shopee
444,"HotRod 24Jam 30hr,  16GB",208000,Paket Data,XL,shopee
445,XTRA Combo 35GB + 70GB + Bonus Pulsa 20.000,238000,Paket Data,XL,shopee
446,XTRA Combo 35GB + 70GB + Bonus Pulsa 50.000,238000,Paket Data,XL,shopee
447,Xtra Combo Double Youtube 35GB+70GB,229114,Paket Data,XL,shopee
454,Kuota 2GB| 3hr + Voucher PlayStation Store Cash Cards (ID) 200rb,240950,Paket Data,XL,shopee
455,Xtra Combo Flex 80GB+Kuota Area s/d 105GB+Bonus Flex,232450,Paket Data,XL,shopee
462,XTRA Combo VIP 35GB + 70GB + Bonus Pulsa 20.000,248000,Paket Data,XL,shopee
463,XTRA Combo VIP 35GB + 70GB + Bonus Pulsa 50.000,248000,Paket Data,XL,shopee
469,XTRA Combo VIP 35GB+35GB &amp; XTRA Kuota Free Fire 10GB| 30hr| 249rb,240870,Paket Data,XL,shopee
470,XTRA Combo VIP 35GB+35GB &amp; XTRA Kuota Instagram 2GB| 30hr| 249rb,242000,Paket Data,XL,shopee
471,XTRA Combo VIP 35GB+35GB &amp; XTRA Kuota Joox 10GB| 30hr| 249rb,240800,Paket Data,XL,shopee
476,XTRA Combo VIP 35GB+35GB &amp; XTRA Kuota Mobile Legend 10GB| 30hr| 249rb,240870,Paket Data,XL,shopee
477,Xtra Combo VIP Double Youtube 35GB+70GB,233675,Paket Data,XL,shopee
478,XTRA Combo VIP 35GB+35GB + Nelpon 30 Menit,241600,Paket Data,XL,shopee
479,Akrab 260GB| 4 Anggota| 30 Hari,302727,Paket Data,XL,shopee
485,Paket Akrab 260GB + Bonus Pulsa 15.000,315000,Paket Data,XL,shopee
486,Paket Akrab 260GB + Bonus Pulsa 60.000,315000,Paket Data,XL,shopee
487,Kuota 2GB| 3hr + Voucher Steam Wallet 250rb,285620,Paket Data,XL,shopee
494,Kuota 2GB| 3hr + Voucher PlayStation Store Cash Cards (ID) 400rb,482250,Paket Data,XL,shopee
495,Akrab 460GB| 4 Anggota| 30 Hari,487391,Paket Data,XL,shopee
496,Paket Akrab 460GB + Bonus Pulsa 100.000,510000,Paket Data,XL,shopee
503,Paket Akrab 460GB + Bonus Pulsa 50.000,510000,Paket Data,XL,shopee
504,Kuota 2GB| 3hr + Voucher Steam Wallet 400rb,456250,Paket Data,XL,shopee
511,"XTRA Combo 6GB,  12 bulan (M)",542600,Paket Data,XL,shopee
512,Kuota 2GB| 3hr + Voucher Steam Wallet 600rb,685250,Paket Data,XL,shopee
519,"XTRA Combo 12GB,  12 bulan (L)",802700,Paket Data,XL,shopee
520,"XTRA Combo 18GB,  12 bulan (XL)",1152700,Paket Data,XL,shopee
526,"XTRA Combo 30GB,  12 bulan (2XL)",1502700,Paket Data,XL,shopee
527,"XTRA Combo 42GB,  12 bulan (3XL)",2002600,Paket Data,XL,shopee
0,+ Power Social Add-On (1 hari),3000,Paket Data,Live.On,shopee
1,+ Power Stream Add-On (1 hari),5000,Paket Data,Live.On,shopee
2,+ 50 SMS Add-On,10000,Paket Data,Live.On,shopee
3,+1GB Data Add-On,10000,Paket Data,Live.On,shopee
4,+30 Menit Call Add-On,10000,Paket Data,Live.On,shopee
5,+ Ultra Social Add-On (7 hari),15000,Paket Data,Live.On,shopee
6,+2GB Data Add-On,17000,Paket Data,Live.On,shopee
13,+60 Menit Call Add-On,17000,Paket Data,Live.On,shopee
14,+ Ultra Stream Add-On (7 hari),24500,Paket Data,Live.On,shopee
21,+100 Menit Call Add-On,25000,Paket Data,Live.On,shopee
22,+5GB Data Add-On,30000,Paket Data,Live.On,shopee
23,+ Super Social Add-On (30 hari),49000,Paket Data,Live.On,shopee
29,Paket Power On Recharge 25GB (30 Hari),80000,Paket Data,Live.On,shopee
30,+ Super Stream Add-On (30 hari),98000,Paket Data,Live.On,shopee
31,Paket Power Full Recharge 50GB (30 Hari),123000,Paket Data,Live.On,shopee
0,PLN Prepaid 20000,20100,PLN,,shopee
1,PLN Prepaid 20000,20075,PLN,,shopee
2,PLN Prepaid 50000,50100,PLN,,shopee
3,PLN Prepaid 50000,50075,PLN,,shopee
4,PLN Prepaid 100000,100100,PLN,,shopee
5,PLN Prepaid 200000,200100,PLN,,shopee
6,PLN Prepaid 500000,500100,PLN,,shopee
12,PLN Prepaid 1000000,1000100,PLN,,shopee
13,PLN Prepaid 5000000,5000100,PLN,,shopee
14,PLN Prepaid 10000000,10000100,PLN,,shopee
0,Free Fire 100 Diamonds,17760,Voucher Game,Garena Free Fire Powered by Google Play,shopee
1,Free Fire 310 Diamonds,54390,Voucher Game,Garena Free Fire Powered by Google Play,shopee
2,Free Fire 520 Diamonds,85470,Voucher Game,Garena Free Fire Powered by Google Play,shopee
3,Free Fire 1060 Diamonds,187590,Voucher Game,Garena Free Fire Powered by Google Play,shopee
4,Free Fire 2180 Diamonds,354855,Voucher Game,Garena Free Fire Powered by Google Play,shopee
5,Free Fire 5600 Diamonds,822063,Voucher Game,Garena Free Fire Powered by Google Play,shopee
0,Unipin Voucher IDR 5000,4763,Voucher Game,Unipin Voucher,shopee
1,Unipin Voucher IDR 10000,9500,Voucher Game,Unipin Voucher,shopee
2,Unipin Voucher IDR 20000,19010,Voucher Game,Unipin Voucher,shopee
3,Unipin Voucher IDR 50000,47500,Voucher Game,Unipin Voucher,shopee
4,Unipin Voucher IDR 100000,95000,Voucher Game,Unipin Voucher,shopee
5,Unipin Voucher IDR 300000,285000,Voucher Game,Unipin Voucher,shopee
6,Unipin Voucher IDR 500000,475000,Voucher Game,Unipin Voucher,shopee
0,Mobile Legends 50+5 Diamonds,16500,Voucher Game,Mobile Legends Powered by Google Play,shopee
1,Mobile Legends 50+5 Diamonds,16650,Voucher Game,Mobile Legends Powered by Google Play,shopee
2,Mobile Legends 250+25 Diamonds,83250,Voucher Game,Mobile Legends Powered by Google Play,shopee
3,Mobile Legends 500+65 Diamonds,165390,Voucher Game,Mobile Legends Powered by Google Play,shopee
4,Twilight Pass,165390,Voucher Game,Mobile Legends Powered by Google Play,shopee
5,Mobile Legends 1000+155 Diamonds,331890,Voucher Game,Mobile Legends Powered by Google Play,shopee
6,Mobile Legends 1500+265 Diamonds,487290,Voucher Game,Mobile Legends Powered by Google Play,shopee
13,Mobile Legends 2500+475 Diamonds,820290,Voucher Game,Mobile Legends Powered by Google Play,shopee
0,PUBG Mobile 60 UC,16500,Voucher Game,PUBG Mobile Powered by Google Play,shopee
1,PUBG Mobile 60 UC,16665,Voucher Game,PUBG Mobile Powered by Google Play,shopee
2,PUBG Mobile 300 + 25 UC,83505,Voucher Game,PUBG Mobile Powered by Google Play,shopee
3,PUBG Mobile 600 + 60 UC,165540,Voucher Game,PUBG Mobile Powered by Google Play,shopee
4,PUBG Mobile1500 + 300 UC,386885,Voucher Game,PUBG Mobile Powered by Google Play,shopee
5,PUBG Mobile 3000 + 850 UC,795680,Voucher Game,PUBG Mobile Powered by Google Play,shopee
0,Clash of Clans 80 Gems,17760,Voucher Game,Clash of Clans Powered by Google Play,shopee
1,Clash of Clans 500 Gems,82905,Voucher Game,Clash of Clans Powered by Google Play,shopee
2,Clash of Clans 1200 Gems,187590,Voucher Game,Clash of Clans Powered by Google Play,shopee
3,Clash of Clans 2500 Gems,343465,Voucher Game,Clash of Clans Powered by Google Play,shopee
4,Clash of Clans 6500 Gems,795680,Voucher Game,Clash of Clans Powered by Google Play,shopee
0,Lords Mobile 280 gems,32190,Voucher Game,Lords Mobile Powered by Google Play,shopee
1,Lords Mobile 800 gems,83430,Voucher Game,Lords Mobile Powered by Google Play,shopee
2,Lords Mobile 1700 gems,160430,Voucher Game,Lords Mobile Powered by Google Play,shopee
3,Lords Mobile 3600 gems,321935,Voucher Game,Lords Mobile Powered by Google Play,shopee
4,Lords Mobile 9500 gems,795680,Voucher Game,Lords Mobile Powered by Google Play,shopee
0,Rise of Kingdoms 200 Gems,16650,Voucher Game,Rise of Kingdoms Powered by Google Play,shopee
1,Rise of Kingdoms 1050 Gems,83250,Voucher Game,Rise of Kingdoms Powered by Google Play,shopee
2,Rise of Kingdoms 2200 Gems,160430,Voucher Game,Rise of Kingdoms Powered by Google Play,shopee
3,Rise of Kingdoms 4600 Gems,321935,Voucher Game,Rise of Kingdoms Powered by Google Play,shopee
4,Rise of Kingdoms 12000 Gems,795680,Voucher Game,Rise of Kingdoms Powered by Google Play,shopee
0,20000 Coins,29970,Voucher Game,8 Ball Pool Powered by Google Play,shopee
1,52000 Coins,80755,Voucher Game,8 Ball Pool Powered by Google Play,shopee
2,112000 Coins,160430,Voucher Game,8 Ball Pool Powered by Google Play,shopee
3,256000 Coins,321935,Voucher Game,8 Ball Pool Powered by Google Play,shopee
4,800000 Coins,795680,Voucher Game,8 Ball Pool Powered by Google Play,shopee
0,80 CP,16650,Voucher Game,Call of Duty Mobile Powered by Google Play,shopee
1,400 + 20 CP,83250,Voucher Game,Call of Duty Mobile Powered by Google Play,shopee
2,800 + 80 CP,160430,Voucher Game,Call of Duty Mobile Powered by Google Play,shopee
3,2000 + 400 CP,386535,Voucher Game,Call of Duty Mobile Powered by Google Play,shopee
4,4000 + 1000 CP,795680,Voucher Game,Call of Duty Mobile Powered by Google Play,shopee
5,8000 + 2800 CP,1613975,Voucher Game,Call of Duty Mobile Powered by Google Play,shopee
0,40 pearls,16686,Voucher Game,Black Desert Mobile Powered by Google Play,shopee
1,122 pearls,48455,Voucher Game,Black Desert Mobile Powered by Google Play,shopee
2,204 pearls,80755,Voucher Game,Black Desert Mobile Powered by Google Play,shopee
3,410 pearls,160430,Voucher Game,Black Desert Mobile Powered by Google Play,shopee
4,1232 pearls,472670,Voucher Game,Black Desert Mobile Powered by Google Play,shopee
5,2055 pearls,795680,Voucher Game,Black Desert Mobile Powered by Google Play,shopee
0,5000 cash,5045,Voucher Game,Among Us Powered by Google Play,shopee
1,20000 cash,20226,Voucher Game,Among Us Powered by Google Play,shopee
2,50000 cash,50564,Voucher Game,Among Us Powered by Google Play,shopee
0,7 funds,16151,Voucher Game,One Punch Man Powered by Google Play,shopee
1,35 funds,80755,Voucher Game,One Punch Man Powered by Google Play,shopee
2,70 funds,160430,Voucher Game,One Punch Man Powered by Google Play,shopee
3,105 funds,235795,Voucher Game,One Punch Man Powered by Google Play,shopee
4,210 funds,472670,Voucher Game,One Punch Man Powered by Google Play,shopee
5,350 funds,795680,Voucher Game,One Punch Man Powered by Google Play,shopee
6,700 funds,1613975,Voucher Game,One Punch Man Powered by Google Play,shopee
0,60 Genesis Crystal,17760,Voucher Game,Genshin Impact Powered by Google Play,shopee
1,300 Genesis Crystal,85060,Voucher Game,Genshin Impact Powered by Google Play,shopee
2,980 Genesis Crystal,273900,Voucher Game,Genshin Impact Powered by Google Play,shopee
3,1980 Genesis Cyrstal,515740,Voucher Game,Genshin Impact Powered by Google Play,shopee
4,3280 Genesis Crystal,860285,Voucher Game,Genshin Impact Powered by Google Play,shopee
5,6480 Genesis Crystal,1613975,Voucher Game,Genshin Impact Powered by Google Play,shopee
0,120.000 Zeny,31225,Voucher Game,Ragnarok Mobile : Eternal Love Powered by Google Play,shopee
1,30 Big Cat Coin,85060,Voucher Game,Ragnarok Mobile : Eternal Love Powered by Google Play,shopee
2,300.000 Zeny,85060,Voucher Game,Ragnarok Mobile : Eternal Love Powered by Google Play,shopee
3,600.000 Zeny,160430,Voucher Game,Ragnarok Mobile : Eternal Love Powered by Google Play,shopee
4,1.200.000 Zeny,321935,Voucher Game,Ragnarok Mobile : Eternal Love Powered by Google Play,shopee
5,120 Big Cat Coin,321935,Voucher Game,Ragnarok Mobile : Eternal Love Powered by Google Play,shopee
6,1.980.000 Zeny,515740,Voucher Game,Ragnarok Mobile : Eternal Love Powered by Google Play,shopee
13,2.980.000 Zeny,795680,Voucher Game,Ragnarok Mobile : Eternal Love Powered by Google Play,shopee
14,298 Big Cat Coin,795680,Voucher Game,Ragnarok Mobile : Eternal Love Powered by Google Play,shopee
21,5.980.000 Zeny,1613975,Voucher Game,Ragnarok Mobile : Eternal Love Powered by Google Play,shopee
22,598 Big Cat Coin,1613975,Voucher Game,Ragnarok Mobile : Eternal Love Powered by Google Play,shopee
0,Minecraft 1720 Coins,170200,Voucher Game,Minecraft,shopee
1,Minecraft 3500 Coins,340300,Voucher Game,Minecraft,shopee
2,Gift Code $26.95,395000,Voucher Game,Minecraft,shopee
0,Kode Voucher Google Play 5.000 (belum termasuk PPN 10%),5000,Voucher Game,Kode Voucher Google Play,shopee
1,Kode Voucher Google Play 10.000 (belum termasuk PPN 10%),10000,Voucher Game,Kode Voucher Google Play,shopee
2,Kode Voucher Google Play 20.000 (belum termasuk PPN 10%),21500,Voucher Game,Kode Voucher Google Play,shopee
3,Kode Voucher Google Play 50.000 (belum termasuk PPN 10%),54000,Voucher Game,Kode Voucher Google Play,shopee
4,Kode Voucher Google Play 100.000 (belum termasuk PPN 10%),107000,Voucher Game,Kode Voucher Google Play,shopee
5,Kode Voucher Google Play 150.000 (belum termasuk PPN 10%),160500,Voucher Game,Kode Voucher Google Play,shopee
6,Kode Voucher Google Play 300.000 (belum termasuk PPN 10%),320500,Voucher Game,Kode Voucher Google Play,shopee
13,Kode Voucher Google Play 500.000 (belum termasuk PPN 10%),534000,Voucher Game,Kode Voucher Google Play,shopee
14,Kode Voucher Google Play 750.000,751622,Voucher Game,Kode Voucher Google Play,shopee
15,Kode Voucher Google Play 1.000.000,973000,Voucher Game,Kode Voucher Google Play,shopee
22,Kode Voucher Google Play 1.500.000,1500000,Voucher Game,Kode Voucher Google Play,shopee
0,Razer PIN 10.000,11580,Voucher Game,Razer Gold,shopee
1,Razer PIN 20.000,21230,Voucher Game,Razer Gold,shopee
2,Razer PIN 50.000,49500,Voucher Game,Razer Gold,shopee
3,Razer PIN 100.000,96500,Voucher Game,Razer Gold,shopee
4,Razer PIN 200.000,193000,Voucher Game,Razer Gold,shopee
5,Razer PIN 500.000,482500,Voucher Game,Razer Gold,shopee
0,Steam 6.000,6370,Voucher Game,Steam Wallet IDR,shopee
1,Steam 8.000,8600,Voucher Game,Steam Wallet IDR,shopee
2,Steam 12.000,12482,Voucher Game,Steam Wallet IDR,shopee
3,Steam 45.000,47600,Voucher Game,Steam Wallet IDR,shopee
4,Steam 60.000,63600,Voucher Game,Steam Wallet IDR,shopee
5,Steam 90.000,97000,Voucher Game,Steam Wallet IDR,shopee
6,Steam 120.000,127000,Voucher Game,Steam Wallet IDR,shopee
13,Steam 250.000,264700,Voucher Game,Steam Wallet IDR,shopee
14,Steam 400.000,423500,Voucher Game,Steam Wallet IDR,shopee
15,Steam 600.000,635500,Voucher Game,Steam Wallet IDR,shopee
0,Megaxus 10.000 Mi Cash,10000,Voucher Game,Megaxus,shopee
1,Megaxus 20.000 Mi Cash,20000,Voucher Game,Megaxus,shopee
2,Megaxus 50.000 Mi Cash,50000,Voucher Game,Megaxus,shopee
3,Megaxus 100.000 Mi Cash,100000,Voucher Game,Megaxus,shopee
4,Megaxus 200.000 Mi Cash,218500,Voucher Game,Megaxus,shopee
5,Megaxus 500.000 Mi Cash,540500,Voucher Game,Megaxus,shopee
0,12 Month Membership,348500,Voucher Game,Nintendo eShop,shopee
1,3 Month Membership,140900,Voucher Game,Nintendo eShop,shopee
2,Nintendo eShop 10,151000,Voucher Game,Nintendo eShop,shopee
3,Nintendo eShop 20,300000,Voucher Game,Nintendo eShop,shopee
4,Nintendo eShop 35,520000,Voucher Game,Nintendo eShop,shopee
5,Nintendo eShop 50,745000,Voucher Game,Nintendo eShop,shopee
0,Steam Wallet USD 5,80500,Voucher Game,Steam Wallet (USD),shopee
1,Steam Wallet USD 10,160500,Voucher Game,Steam Wallet (USD),shopee
2,Steam Wallet USD 15,240500,Voucher Game,Steam Wallet (USD),shopee
3,Steam Wallet USD 20,325000,Voucher Game,Steam Wallet (USD),shopee
4,Steam Wallet USD 30,480500,Voucher Game,Steam Wallet (USD),shopee
5,Steam Wallet USD 50,864500,Voucher Game,Steam Wallet (USD),shopee
0,Valorant 420 Coins,50000,Voucher Game,Valorant,shopee
1,Valorant 700 Coins,80000,Voucher Game,Valorant,shopee
2,Valorant 1375 Coins,150000,Voucher Game,Valorant,shopee
3,Valorant 2400 Coins,250000,Voucher Game,Valorant,shopee
4,Valorant 4000 Coins,400000,Voucher Game,Valorant,shopee
5,Valorant 8150 Coins,800000,Voucher Game,Valorant,shopee
0,PlayStation Plus 3 month,255000,Voucher Game,PlayStation Plus,shopee
1,PlayStation Plus 12 month,650000,Voucher Game,PlayStation Plus,shopee
0,Game On IDR 15000,16000,Voucher Game,Game on,shopee
1,Game On IDR 30000,32000,Voucher Game,Game on,shopee
2,Game On IDR 50000,52500,Voucher Game,Game on,shopee
3,Game On IDR 100000,103230,Voucher Game,Game on,shopee
4,Game On IDR 200000,210000,Voucher Game,Game on,shopee
5,Game On IDR 300000,310000,Voucher Game,Game on,shopee
0,PUBG Early Bird key,34000,Voucher Game,PUBG,shopee
1,PUBG Steam game key,213000,Voucher Game,PUBG,shopee
0,Lyto Credits 3750 Coins,16000,Voucher Game,Lyto Credits,shopee
1,Lyto Credits 7500 Coins,31000,Voucher Game,Lyto Credits,shopee
2,Lyto Credits 12500 Coins,52000,Voucher Game,Lyto Credits,shopee
3,Lyto Credits 25000 Coins,105000,Voucher Game,Lyto Credits,shopee
4,Lyto Credits 50000 Coins,210000,Voucher Game,Lyto Credits,shopee
5,Lyto Credits 75000 Coins,315000,Voucher Game,Lyto Credits,shopee
0,Playwith 500 RPs,80000,Voucher Game,Playwith,shopee
1,Playwith 1000 RPs,160000,Voucher Game,Playwith,shopee
2,Playwith 2500 RPs,400000,Voucher Game,Playwith,shopee
3,Playwith 5000 RPs,792000,Voucher Game,Playwith,shopee
0,PlayStation Network IDR 100.000,123500,Voucher Game,PlayStation Network,shopee
1,PlayStation Network IDR 200.000,246500,Voucher Game,PlayStation Network,shopee
2,PlayStation Network IDR 400.000,492860,Voucher Game,PlayStation Network,shopee
0,Aeria Point 5,78000,Voucher Game,Aeria Point,shopee
1,Aeria Point 15,227000,Voucher Game,Aeria Point,shopee
0,Ragnarok 15000 RO-Cash,15500,Voucher Game,Ragnarok,shopee
1,Ragnarok 30000 RO-Cash,31000,Voucher Game,Ragnarok,shopee
2,Ragnarok 50000 RO-Cash,52500,Voucher Game,Ragnarok,shopee
3,Ragnarok 100000 RO-Cash,105000,Voucher Game,Ragnarok,shopee
4,Ragnarok 200000 RO-Cash,210000,Voucher Game,Ragnarok,shopee
5,Ragnarok 300000 RO-Cash,310000,Voucher Game,Ragnarok,shopee
0,Karma Koin 10,172100,Voucher Game,Karma Koin,shopee
1,Karma Koin 25,430500,Voucher Game,Karma Koin,shopee
2,Karma Koin 50,859000,Voucher Game,Karma Koin,shopee
0,Legends of Runeterra 420 Coins,50000,Voucher Game,Legends of Runeterra,shopee
1,Legends of Runeterra 700 Coins,80000,Voucher Game,Legends of Runeterra,shopee
2,Legends of Runeterra 1375 Coins,150000,Voucher Game,Legends of Runeterra,shopee
3,Legends of Runeterra 2400 Coins,250000,Voucher Game,Legends of Runeterra,shopee
4,Legends of Runeterra 4000 Coins,400000,Voucher Game,Legends of Runeterra,shopee
5,Legends of Runeterra 8150 Coins,776000,Voucher Game,Legends of Runeterra,shopee
0,$5 Gift Card (US),75200,Voucher Game,Xbox Live (US),shopee
1,$10 Gift Card (US),150000,Voucher Game,Xbox Live (US),shopee
2,$15 Gift Card (US),223800,Voucher Game,Xbox Live (US),shopee
3,3 Months Gold Membership,410000,Voucher Game,Xbox Live (US),shopee
4,$25 Gift Card (US),417600,Voucher Game,Xbox Live (US),shopee
5,12 Months Gold Membership,985000,Voucher Game,Xbox Live (US),shopee
0,WaveGame 1088 Coins,245000,Voucher Game,WaveGame,shopee
1,WaveGame 210 Coins,49400,Voucher Game,WaveGame,shopee
2,WaveGame 40 Coins,9800,Voucher Game,WaveGame,shopee
3,WaveGame 435 Coins,98400,Voucher Game,WaveGame,shopee
4,WaveGame 82 Coins,19600,Voucher Game,WaveGame,shopee
0,Topup GoPay,2000,E-Wallet,GoPay,shopee
1,Topup OVO,1500,E-Wallet,OVO,shopee
2,Topup Dana,1000,E-Wallet,Dana,shopee
3,Topup LinkAja,2000,E-Wallet,LinkAja,shopee
